id;username;email;password;last_login
0;John George;johngeorge@gmail.com;Bq5xQY;2003-02-14 23:17:45
1;Virginia Cassel;virginiacassel@gmail.com;F91tapy;2005-03-31 01:47:06
2;Terri Howell;terrihowell@gmail.com;PhsBREBD;2011-07-07 19:37:26
3;Kathryn Collins;kathryncollins@gmail.com;EamJU;2016-06-30 18:37:50
4;Daniel Williams;danielwilliams@gmail.com;LroZS;2019-11-10 14:44:49
5;Patricia Bradley;patriciabradley@gmail.com;AqxjBmbDE;2001-06-06 02:39:15
6;Nina Barber;ninabarber@gmail.com;fSssv;2013-08-17 18:34:27
7;Clarence Mcdermott;clarencemcdermott@gmail.com;KE2cA;2010-04-13 04:16:18
8;Donald Heywood;donaldheywood@gmail.com;po0lL4yi4;2009-01-08 01:43:43
9;Ann Ware;annware@gmail.com;GZKSTW6Kg;2013-03-07 22:59:07
10;Garry Dion;garrydion@gmail.com;8ZJmxUB;2008-01-12 22:57:17
11;Winifred Rose;winifredrose@gmail.com;MAwQwwZF1;2017-05-23 05:46:51
12;Sidney Joseph;sidneyjoseph@gmail.com;pvZ8Z;2006-08-21 22:27:34
13;Dawn Gunia;dawngunia@gmail.com;5HEsmB;2016-11-04 12:05:35
14;Gordon Taft;gordontaft@gmail.com;aPRvFhRh;2017-03-21 00:54:34
15;Kevin Miller;kevinmiller@gmail.com;1WKeD7MM;2009-11-24 22:19:33
16;Jason Simon;jasonsimon@gmail.com;MU5tj;2004-03-12 19:07:35
17;Barbara Stelk;barbarastelk@gmail.com;z00PV;2014-08-21 17:17:42
18;Aileen Shipley;aileenshipley@gmail.com;951hhSz;2013-02-08 21:05:44
19;Jason Padilla;jasonpadilla@gmail.com;J86VZcm;2007-04-30 19:51:57
20;Mary Cail;marycail@gmail.com;LvBxBwgjn;2015-07-04 01:11:57
21;Donald Mckernan;donaldmckernan@gmail.com;yIfc6;2021-05-31 01:52:39
22;Rose Dalphonse;rosedalphonse@gmail.com;llJwS;2016-05-18 06:49:26
23;Reva Stater;revastater@gmail.com;PJFTJGt;2009-12-16 00:41:31
24;Angelo Wooten;angelowooten@gmail.com;VmpueoYB;2019-04-28 14:12:07
25;Guadalupe Gonzalez;guadalupegonzalez@gmail.com;RwFNF;2012-08-05 02:11:01
26;Justin Rau;justinrau@gmail.com;JHx6qsJ;2001-02-04 18:22:08
27;Wendy Sweeney;wendysweeney@gmail.com;YeiBic5Tn;2001-05-09 12:46:18
28;Gwendolyn Schreiber;gwendolynschreiber@gmail.com;Z8ION;2008-02-18 00:27:40
29;Rebecca Johson;rebeccajohson@gmail.com;t3fdZ;2011-08-19 23:02:59
30;Edward Sumner;edwardsumner@gmail.com;40175;2004-04-13 13:55:02
31;Gerald Menard;geraldmenard@gmail.com;nYh2SW;2016-12-18 17:31:20
32;Todd Vankeuren;toddvankeuren@gmail.com;lPcHJY4;2019-08-07 07:53:58
33;Andres Bentley;andresbentley@gmail.com;VK2pBWl;2003-04-02 03:49:58
34;Gerardo Sanders;gerardosanders@gmail.com;5H3kAT5;2001-07-05 11:04:37
35;Marjorie Vavra;marjorievavra@gmail.com;zIYo2p;2012-12-04 03:05:16
36;Wilson Horton;wilsonhorton@gmail.com;7kYC5RWH;2019-02-01 16:37:53
37;John Paschall;johnpaschall@gmail.com;HgQTW1X;2008-04-09 01:53:40
38;Christina Brown;christinabrown@gmail.com;H4bkPY3;2020-07-04 00:38:26
39;Susan Devine;susandevine@gmail.com;iMfhpYU;2012-03-15 19:46:37
40;Geraldine Burris;geraldineburris@gmail.com;vNjtvFZcU;2019-05-15 18:09:55
41;Jacob Craft;jacobcraft@gmail.com;AtYXU;2002-10-13 11:12:39
42;Ruby Lane;rubylane@gmail.com;8Mtr6X;2006-03-21 07:09:57
43;Bob Siever;bobsiever@gmail.com;sAvYd;2008-06-04 22:45:00
44;Joseph Morris;josephmorris@gmail.com;RdGxdp2;2003-02-24 20:50:48
45;Robert Beck;robertbeck@gmail.com;QRYgrYK9Z;2021-03-16 11:16:14
46;Rose Barnes;rosebarnes@gmail.com;GOor8xOo;2013-07-05 11:34:04
47;Todd Aaron;toddaaron@gmail.com;o9ZF2uMM7;2018-11-24 03:52:56
48;Rhonda Marlett;rhondamarlett@gmail.com;cCYJbM5;2016-09-11 09:59:22
49;Orlando Vickery;orlandovickery@gmail.com;jNwW5b9E;2000-05-31 10:41:33
50;Frederick Antoniou;frederickantoniou@gmail.com;CqdsTz1r;2004-07-27 17:37:55
51;Richard Baker;richardbaker@gmail.com;2p9FmT;2016-11-21 15:25:41
52;Michelle Reid;michellereid@gmail.com;SmHZpLm;2006-09-14 07:04:57
53;June Hernandez;junehernandez@gmail.com;nMX1Cb;2011-11-04 06:12:54
54;Danilo Robertson;danilorobertson@gmail.com;nfaN5;2019-05-08 02:27:01
55;Julie Pratt;juliepratt@gmail.com;OcwbLidC;2004-07-07 13:32:56
56;Keri Gorham;kerigorham@gmail.com;FZ7hIHD05;2004-06-03 20:44:32
57;Christopher Stoddard;christopherstoddard@gmail.com;TAGRKe;2000-12-10 14:04:51
58;Roberto Rossbach;robertorossbach@gmail.com;dhMrqN5c2;2015-11-13 21:52:00
59;Ashley Kimes;ashleykimes@gmail.com;jYEzm;2012-07-17 21:26:35
60;Coy Cook;coycook@gmail.com;R1DZxZ;2005-11-04 15:05:55
61;Francisco Gingrich;franciscogingrich@gmail.com;2AiJ3V;2012-08-21 11:09:13
62;Jammie Mayoras;jammiemayoras@gmail.com;CD4Di0;2004-12-17 18:34:16
63;Pedro Winston;pedrowinston@gmail.com;P4CYi;2021-08-24 10:17:19
64;Keith Pyatt;keithpyatt@gmail.com;zRL37riuZ;2015-08-28 11:40:01
65;Jennifer Chaney;jenniferchaney@gmail.com;6KBwLzg2;2013-12-18 22:13:27
66;Delores Espinoza;deloresespinoza@gmail.com;FVDNW;2005-03-15 12:32:07
67;Wanda Jock;wandajock@gmail.com;CidiwvMA;2008-11-01 22:07:07
68;Nathaniel Barnette;nathanielbarnette@gmail.com;wzHne;2018-04-14 15:47:01
69;Dorothy Moore;dorothymoore@gmail.com;XQtVBIGOY;2018-10-23 00:31:34
70;Georgia Blache;georgiablache@gmail.com;aexeVd;2006-05-01 01:39:55
71;Bill Spooner;billspooner@gmail.com;reE69R9x;2017-08-12 02:17:59
72;Morgan Wright;morganwright@gmail.com;Qu9m7Cvr;2007-01-07 01:45:19
73;Michael Parrigan;michaelparrigan@gmail.com;ghoT6reee;2011-03-09 19:20:24
74;Robert Alvarado;robertalvarado@gmail.com;2cDiC;2008-05-21 22:42:39
75;Roger Margerum;rogermargerum@gmail.com;fBhXtb;2019-12-21 02:10:24
76;Arlene Twyman;arlenetwyman@gmail.com;b4do7rv8;2007-01-26 11:20:07
77;Matthew Young;matthewyoung@gmail.com;1OlGos;2004-11-21 03:09:44
78;Michael Thomas;michaelthomas@gmail.com;ZSPW1D;2000-04-22 08:55:28
79;Van Strayer;vanstrayer@gmail.com;cPykmE;2013-03-18 10:35:57
80;Nathan Bevins;nathanbevins@gmail.com;BO2zq18WO;2003-09-28 00:57:38
81;Martin Deans;martindeans@gmail.com;sUXBQT;2019-05-11 04:41:00
82;Ruth Krigbaum;ruthkrigbaum@gmail.com;0Xhre;2004-02-04 17:15:16
83;Peter Corrigan;petercorrigan@gmail.com;3PGbRs;2011-06-02 12:34:26
84;Eddie Bodkin;eddiebodkin@gmail.com;uedqAJdQx;2013-02-21 04:40:31
85;Pamela Gotto;pamelagotto@gmail.com;H3qLIoS;2012-11-29 17:02:16
86;Sydney Mason;sydneymason@gmail.com;xn7x4El;2014-05-12 17:27:57
87;Raul Cady;raulcady@gmail.com;Cgnv0lDu;2003-12-10 20:45:37
88;Florence Lester;florencelester@gmail.com;bxZ96F;2003-11-11 16:10:03
89;Leonard Robleto;leonardrobleto@gmail.com;yuTZcEq;2021-12-08 17:06:05
90;Cora Estrada;coraestrada@gmail.com;WXIBdWVD8;2004-05-21 04:16:46
91;Megan Back;meganback@gmail.com;c8o4n0F;2004-02-01 20:28:38
92;Danny Reynolds;dannyreynolds@gmail.com;Mpy6N;2016-02-15 14:20:28
93;Alice Cunningham;alicecunningham@gmail.com;U2vvsqoc;2006-03-26 06:45:43
94;Virginia Mccarthy;virginiamccarthy@gmail.com;Wmpdg61eW;2000-02-12 05:23:08
95;Marian Toney;mariantoney@gmail.com;jbSKw;2007-09-12 20:09:15
96;Patrick Woods;patrickwoods@gmail.com;z0cSXRBw;2003-11-15 00:13:18
97;Kathy Ramirez;kathyramirez@gmail.com;0n2eUuu;2007-04-28 07:04:19
98;Carrie Martin;carriemartin@gmail.com;RoQV3Kp;2002-12-04 19:36:50
99;Alice Turner;aliceturner@gmail.com;V5WJVUkEU;2002-12-16 23:38:18
100;Victor Garcia;victorgarcia@gmail.com;NhOMl0;2005-02-26 08:00:15
101;Colleen Webb;colleenwebb@gmail.com;4k0Ialxb3;2003-08-27 13:45:23
102;Don Crutcher;doncrutcher@gmail.com;TupXIP;2019-07-14 11:00:00
103;Steven Schaufelberge;stevenschaufelberge@gmail.com;RMaJgeg;2013-10-09 15:49:15
104;Celia Gaston;celiagaston@gmail.com;nAxP8bH;2006-02-27 02:35:18
105;Stanley Reese;stanleyreese@gmail.com;dqrkOZIH;2017-05-10 07:47:56
106;Merle Schmidt;merleschmidt@gmail.com;10aAOECsT;2015-04-25 06:33:31
107;Helena Ramos;helenaramos@gmail.com;GvBrFn;2004-04-28 16:54:13
108;Cynthia Eck;cynthiaeck@gmail.com;2uttxaZKV;2006-02-14 13:27:38
109;Arthur Briggs;arthurbriggs@gmail.com;rwocLGF;2011-11-16 04:27:45
110;James Hamm;jameshamm@gmail.com;kVhjlXC;2002-01-07 13:54:01
111;Hazel Lee;hazellee@gmail.com;fb4KQoNJ;2016-07-26 21:29:13
112;Chandra Medina;chandramedina@gmail.com;JF9PWLokx;2021-08-18 19:25:51
113;Rebekah Rivali;rebekahrivali@gmail.com;B3qKBwwK;2008-11-27 13:05:32
114;Armand Hodges;armandhodges@gmail.com;vkjdJ6zf;2005-08-31 01:40:06
115;Angela Baker;angelabaker@gmail.com;cTLEiORPy;2014-11-08 17:38:29
116;Sharon Burgos;sharonburgos@gmail.com;mBUxXO;2000-09-01 14:43:23
117;Marlene Benson;marlenebenson@gmail.com;DfQs6dU;2001-03-06 13:57:27
118;Kimberly Norwood;kimberlynorwood@gmail.com;K8rPBqcrT;2016-12-17 12:32:40
119;Raymond Taegel;raymondtaegel@gmail.com;0DYW2panH;2015-11-03 19:37:32
120;Brian Sporle;briansporle@gmail.com;GIqqTxXHU;2015-06-19 18:44:34
121;James Delgado;jamesdelgado@gmail.com;MQY6pBi;2000-12-05 18:00:34
122;Patricia Solano;patriciasolano@gmail.com;kFG2w;2014-01-13 05:05:03
123;Tabitha Sturm;tabithasturm@gmail.com;YnXKL;2020-08-07 08:00:42
124;Robert Gilbert;robertgilbert@gmail.com;9KeGSeBK;2017-10-17 04:19:20
125;Richard Blackwell;richardblackwell@gmail.com;yIvbyZp;2014-12-20 14:19:06
126;Kerri Jones;kerrijones@gmail.com;ZyRakB;2004-01-20 14:25:54
127;Joshua Daniel;joshuadaniel@gmail.com;hQHOpTwa;2008-06-23 07:34:13
128;Colleen Smith;colleensmith@gmail.com;8CBO2s;2006-07-14 11:31:34
129;Jason Spradlin;jasonspradlin@gmail.com;5vu70Tm;2019-03-13 00:20:31
130;Larry Penn;larrypenn@gmail.com;grtX96;2016-05-26 20:57:05
131;Nettie Venice;nettievenice@gmail.com;g0PAPCn;2021-02-27 20:38:49
132;Williams Vaughan;williamsvaughan@gmail.com;BTmv1S;2003-03-26 14:09:34
133;Dorothy Martinez;dorothymartinez@gmail.com;qVZ5Dp;2013-08-13 00:23:41
134;Thelma Casad;thelmacasad@gmail.com;sHX056Wz;2016-07-03 11:46:22
135;Loretta Raby;lorettaraby@gmail.com;1ShvSx;2015-03-12 17:56:54
136;Edmond Smith;edmondsmith@gmail.com;81xVT3Cj;2015-03-09 23:51:37
137;Mavis Parent;mavisparent@gmail.com;h1788ufx;2005-02-05 14:23:46
138;Timothy Thompson;timothythompson@gmail.com;yF8jT9A;2016-03-30 22:19:18
139;Janel Brown;janelbrown@gmail.com;NCV4ZCx;2012-09-27 08:08:27
140;Frances Harr;francesharr@gmail.com;2z7sGgu;2010-09-25 10:21:54
141;Gordon Harmon;gordonharmon@gmail.com;JNL0W;2011-04-15 04:42:15
142;Kenneth Woods;kennethwoods@gmail.com;YixFg1;2020-08-15 19:00:46
143;Alan Ramundo;alanramundo@gmail.com;xmjMmV5sE;2016-04-01 16:17:20
144;Mae Willard;maewillard@gmail.com;vXfXZCoz;2015-10-30 03:37:59
145;George Bradshaw;georgebradshaw@gmail.com;SqnykXU;2004-04-02 23:16:39
146;Ella Geisinsky;ellageisinsky@gmail.com;Eg37V;2011-10-09 19:27:58
147;Alma Barberio;almabarberio@gmail.com;pKqykB;2021-03-31 10:11:46
148;Wanda Hemstreet;wandahemstreet@gmail.com;03jwq;2015-11-04 00:03:53
149;Chris Good;chrisgood@gmail.com;EeHSRk4;2019-04-02 12:21:45
150;Bradley Cheng;bradleycheng@gmail.com;IXZ6qm9;2009-07-31 05:59:43
151;Eric Vietti;ericvietti@gmail.com;Iy5AdAB;2011-08-14 17:33:16
152;Rick Holman;rickholman@gmail.com;cP0JXMLX;2019-10-31 06:50:08
153;Shelley Benson;shelleybenson@gmail.com;Vm5N0fqO;2004-10-01 20:56:49
154;Lydia Johnson;lydiajohnson@gmail.com;IUrboRFUJ;2016-12-17 15:27:52
155;Rena Mcginnis;renamcginnis@gmail.com;LhjsHb;2000-11-27 07:19:14
156;Drew Patterson;drewpatterson@gmail.com;gIgdy;2006-10-18 20:39:43
157;Florence Fall;florencefall@gmail.com;l20AzUc;2019-08-30 07:51:54
158;Joel Fowlkes;joelfowlkes@gmail.com;q2MMnS;2001-09-14 03:03:21
159;Delfina Brink;delfinabrink@gmail.com;TTA9b5Z;2000-12-14 13:55:19
160;Stephen Baker;stephenbaker@gmail.com;CkXHZ;2000-07-23 10:14:33
161;Joan Hill;joanhill@gmail.com;XUqU3F;2006-08-04 12:55:32
162;Randall Hansen;randallhansen@gmail.com;5OyFA;2010-01-23 19:53:02
163;Isabel Simpson;isabelsimpson@gmail.com;oyrnwQT1Z;2006-10-28 22:27:45
164;Kimberly Diaz;kimberlydiaz@gmail.com;Trhc4;2003-07-26 13:21:25
165;David Steward;davidsteward@gmail.com;w8pOcub;2003-07-19 23:04:08
166;Doreen Burns;doreenburns@gmail.com;lk0uOQq7;2011-01-07 10:49:28
167;Irvin Parente;irvinparente@gmail.com;xyLbTUcDo;2004-05-19 13:23:40
168;Robert Henke;roberthenke@gmail.com;TxwXvzM1;2015-10-29 05:21:22
169;Eddie Robertson;eddierobertson@gmail.com;OwMNkUB;2019-05-28 23:24:29
170;David Snider;davidsnider@gmail.com;5SI27c;2006-06-25 17:39:00
171;Ismael Aziz;ismaelaziz@gmail.com;GPfFfopJY;2003-05-06 00:03:00
172;Judith Daniels;judithdaniels@gmail.com;OYC3eI;2010-09-01 00:39:15
173;James Fehling;jamesfehling@gmail.com;vwkuTqJ1E;2004-04-28 02:16:08
174;William Harder;williamharder@gmail.com;AR64g;2019-03-10 13:17:40
175;Cody Rogers;codyrogers@gmail.com;CQRYj559;2007-06-23 18:41:11
176;James Rodriguez;jamesrodriguez@gmail.com;APp3abcqE;2018-12-26 20:34:35
177;Shirley Holt;shirleyholt@gmail.com;23pS4FH;2016-03-05 09:15:51
178;Carlton Zurcher;carltonzurcher@gmail.com;gLW1f89;2018-12-07 06:32:49
179;Jason Hughes;jasonhughes@gmail.com;OIQxYn;2000-11-06 01:51:45
180;Hugh Dukes;hughdukes@gmail.com;xfshIob;2005-07-10 16:45:18
181;Katie Sandoval;katiesandoval@gmail.com;bjsby7;2013-09-20 04:21:11
182;Toni Hook;tonihook@gmail.com;lPw128;2010-08-21 08:25:59
183;Jessica Brooks;jessicabrooks@gmail.com;rJk5Kmx3Q;2021-02-25 13:14:48
184;Richard Ritacco;richardritacco@gmail.com;6gIaJ2RE;2010-05-24 23:33:57
185;Richard Vaughan;richardvaughan@gmail.com;VHPyfash;2004-08-05 14:35:42
186;Florence Reed;florencereed@gmail.com;bCiV7cX;2018-02-11 14:30:05
187;Wayne Crisp;waynecrisp@gmail.com;kQM5B2C8;2018-11-30 04:56:41
188;Bobby Chaves;bobbychaves@gmail.com;ICQpxF;2006-01-15 05:13:42
189;Gregg Gurney;gregggurney@gmail.com;Ww52mvM;2000-12-20 11:21:12
190;Brook Gregoire;brookgregoire@gmail.com;B6UdZ;2018-09-10 04:27:13
191;Wilson Warner;wilsonwarner@gmail.com;9RNFp3EW;2017-10-09 05:58:39
192;Ima Thomas;imathomas@gmail.com;U5RPf;2006-02-17 23:28:10
193;Juan Winchester;juanwinchester@gmail.com;Lm1lyi;2015-10-08 05:49:39
194;Andrew Ross;andrewross@gmail.com;QpajT3;2007-12-20 18:35:08
195;Ronald Jones;ronaldjones@gmail.com;XTs1Zc;2005-05-11 08:33:42
196;Pearl Fornili;pearlfornili@gmail.com;XQdVF;2007-01-27 10:15:51
197;Fernando Maddox;fernandomaddox@gmail.com;4zuEUd3;2002-02-16 11:27:19
198;Robert Estes;robertestes@gmail.com;i6vVXEXq;2017-07-28 19:13:26
199;Robert Cruz;robertcruz@gmail.com;3eEtiU9;2007-04-12 07:54:02
200;Pete Walther;petewalther@gmail.com;DdjIZ4;2000-03-01 10:19:44
201;Robin Mercer;robinmercer@gmail.com;8bNF90;2017-10-05 06:30:29
202;Anderson Cushman;andersoncushman@gmail.com;OMgGzSz;2002-11-12 07:58:12
203;Patrick Reagan;patrickreagan@gmail.com;qXT20;2007-05-26 21:17:58
204;Carey Harper;careyharper@gmail.com;xOivYmYh;2007-11-24 11:50:51
205;Sandra Stromme;sandrastromme@gmail.com;OTLzmsQNi;2012-05-30 18:56:42
206;Jeanette Dowling;jeanettedowling@gmail.com;MS34Vh;2009-03-12 17:33:45
207;Jennifer Angotti;jenniferangotti@gmail.com;fIZmPNPpH;2013-07-25 02:04:11
208;John Schoenfeld;johnschoenfeld@gmail.com;pAvZEX6J;2014-03-10 10:38:04
209;Sang Campbell;sangcampbell@gmail.com;oxwh02D;2010-09-05 00:51:41
210;John Cough;johncough@gmail.com;CFdVCT;2004-02-15 14:01:37
211;Harry Garcia;harrygarcia@gmail.com;o3uTeJY;2009-09-09 11:56:42
212;Kevin Dawson;kevindawson@gmail.com;zhyBgn;2004-08-30 17:18:32
213;Kenneth Santos;kennethsantos@gmail.com;sqoJEtL;2003-04-07 19:39:23
214;Kristin Broom;kristinbroom@gmail.com;cVvEoe;2011-01-04 07:25:33
215;Richard Mcleod;richardmcleod@gmail.com;zWKjgma;2002-05-09 02:43:52
216;Wanda Sims;wandasims@gmail.com;Fj2vBq;2005-06-14 20:37:46
217;Jennifer Bailey;jenniferbailey@gmail.com;A2ZhLvo;2001-04-16 02:25:36
218;Melissa Hickey;melissahickey@gmail.com;EqQOj2W;2018-05-09 12:41:42
219;James Mcgowan;jamesmcgowan@gmail.com;j2Xe98BE;2012-08-07 07:41:52
220;Tommie Esquivez;tommieesquivez@gmail.com;VBmyS;2016-04-28 23:20:37
221;James Chain;jameschain@gmail.com;LRdMBMT7V;2011-10-20 09:34:20
222;Wesley Grove;wesleygrove@gmail.com;prZFhHIx;2013-05-13 22:50:30
223;Matthew Clinton;matthewclinton@gmail.com;VQ7ZD6dA;2014-05-09 09:24:51
224;Robert Ricks;robertricks@gmail.com;rTqQiwwc;2017-10-08 19:02:06
225;Mattie Oaks;mattieoaks@gmail.com;adrRC1OUt;2004-03-16 09:02:28
226;Kevin Decastro;kevindecastro@gmail.com;ENh14D81;2001-08-27 18:28:56
227;Wayne Harper;wayneharper@gmail.com;JL7xqt;2015-04-14 20:35:55
228;Calvin Perez;calvinperez@gmail.com;4DAy94FIb;2011-09-23 08:17:56
229;George Baldwin;georgebaldwin@gmail.com;3qVL7Tvmw;2014-12-23 23:16:40
230;Phillip Skursky;phillipskursky@gmail.com;S8lcEA70;2020-02-29 20:39:16
231;Coleman Meeks;colemanmeeks@gmail.com;co1PM8zZr;2019-02-10 22:11:41
232;Peter Keast;peterkeast@gmail.com;jTpQqck;2020-11-27 04:12:59
233;Timothy Reyes;timothyreyes@gmail.com;IFQtIl4a;2005-08-10 03:10:55
234;Angelina Stout;angelinastout@gmail.com;w8GS21Yrs;2010-05-16 18:09:12
235;Gerald Calloway;geraldcalloway@gmail.com;ICGuVk8kG;2008-08-19 01:56:05
236;Carolyn Crawley;carolyncrawley@gmail.com;quxRY9C29;2007-06-12 21:11:11
237;Billy Leesman;billyleesman@gmail.com;4ZYBV;2014-11-28 19:54:06
238;Donna Wade;donnawade@gmail.com;OOPHWWjL;2013-07-03 00:13:39
239;Ivan Garcia;ivangarcia@gmail.com;0yd7T;2000-07-06 16:07:55
240;Jane Horvath;janehorvath@gmail.com;qqAOHjD;2005-04-17 20:00:48
241;Matthew Flores;matthewflores@gmail.com;ZA5fZRXZ6;2008-01-23 12:50:52
242;Ada Alfaro;adaalfaro@gmail.com;FPbvOabj;2009-07-09 23:46:18
243;Roberto Draper;robertodraper@gmail.com;qO9WARj2m;2013-02-10 02:43:52
244;Evan Espinal;evanespinal@gmail.com;iT5CbM;2003-06-04 23:30:29
245;Janice Maxwell;janicemaxwell@gmail.com;OXXWsuMG;2015-04-09 01:24:59
246;Sharon Duggan;sharonduggan@gmail.com;aPxGy;2019-04-15 04:59:22
247;Kent Gilbert;kentgilbert@gmail.com;vxx543U;2020-10-18 16:43:12
248;Jonathan Crivello;jonathancrivello@gmail.com;hQoP4;2003-10-08 14:42:25
249;Candace Mayfield;candacemayfield@gmail.com;xy3bnxQe;2003-08-02 17:40:48
250;Susan Lara;susanlara@gmail.com;o0Uv8PgH;2001-10-09 00:24:41
251;James Coursey;jamescoursey@gmail.com;NS439;2000-01-10 16:27:12
252;Charles Anderson;charlesanderson@gmail.com;qmMvtYw;2005-07-16 22:01:24
253;Sarah Vazquez;sarahvazquez@gmail.com;byuDlar;2021-07-03 04:40:10
254;Jose Nielsen;josenielsen@gmail.com;pX6LlqwF;2016-05-22 10:20:23
255;Evelyn Dupre;evelyndupre@gmail.com;0rwrEQF3n;2003-05-28 22:48:53
256;Samuel Mcintyre;samuelmcintyre@gmail.com;jEVXl7;2012-01-29 00:53:48
257;Jose Nestor;josenestor@gmail.com;z3VQ1st;2001-04-15 11:37:39
258;Daina Lofland;dainalofland@gmail.com;UI6wJ1A;2017-05-12 21:42:28
259;Rachal Rhoads;rachalrhoads@gmail.com;UvsoPi;2001-11-03 20:01:20
260;Diane Porter;dianeporter@gmail.com;87FaWFc;2009-07-19 17:02:53
261;Amanda Brown;amandabrown@gmail.com;kF87H;2006-08-23 21:03:23
262;Daniel Frediani;danielfrediani@gmail.com;QDqSSmj;2007-09-26 07:30:33
263;Mae Elkins;maeelkins@gmail.com;zbwUqWry;2015-04-02 19:38:03
264;Josephine Durrance;josephinedurrance@gmail.com;larfi;2021-02-08 16:31:05
265;Daryl Mullins;darylmullins@gmail.com;VCfvfOl;2011-07-09 18:57:30
266;William Wilson;williamwilson@gmail.com;eSfiyLsqD;2019-10-23 12:58:43
267;Rose Carter;rosecarter@gmail.com;8CAcgcN;2000-05-18 03:57:45
268;Lamar Borden;lamarborden@gmail.com;Bdkqxi;2004-10-02 21:36:25
269;John Lewis;johnlewis@gmail.com;RPjqR;2018-09-24 17:06:19
270;Eric Thomas;ericthomas@gmail.com;8lJ9rc;2018-05-28 15:01:00
271;Herman Carson;hermancarson@gmail.com;1blPXyoH;2007-04-02 06:43:58
272;Charles Hummel;charleshummel@gmail.com;4uBqgnPvX;2000-07-12 19:54:15
273;Matthew Anderson;matthewanderson@gmail.com;67KyA;2004-12-05 09:42:48
274;Fabian Smith;fabiansmith@gmail.com;Hb3ZttlIW;2010-06-28 22:50:06
275;Glenn Killian;glennkillian@gmail.com;aFnjR;2012-04-17 00:19:35
276;Michel Lloyd;michellloyd@gmail.com;YKPLSJ;2020-06-22 10:40:01
277;Michael Patel;michaelpatel@gmail.com;qFSJqIMat;2015-06-10 01:45:22
278;Ina Barker;inabarker@gmail.com;gI6CS;2005-05-25 09:36:16
279;Keely Glover;keelyglover@gmail.com;2SQzP;2002-10-22 07:41:32
280;Sandra Torres;sandratorres@gmail.com;Y5A2N;2019-02-15 16:19:30
281;Sheena Hill;sheenahill@gmail.com;gn9a3Vpg;2005-08-31 20:00:55
282;Paula Corliss;paulacorliss@gmail.com;2O7maB;2016-04-01 12:53:58
283;Carlton Pierce;carltonpierce@gmail.com;CBjkaAceU;2014-11-23 11:28:55
284;Samuel Brown;samuelbrown@gmail.com;fZWCV8F0y;2001-09-09 09:29:55
285;Homer Williams;homerwilliams@gmail.com;NGJM8l;2005-06-07 07:43:15
286;Millie Borysewicz;millieborysewicz@gmail.com;USWyHm;2001-12-16 03:42:53
287;Helen Davies;helendavies@gmail.com;KCD0iQK;2007-11-11 16:46:36
288;Kevin Carlton;kevincarlton@gmail.com;W78pjv;2000-03-01 16:20:43
289;Elmer Ebeling;elmerebeling@gmail.com;lU68T;2021-04-15 02:08:39
290;Vernice Reyes;vernicereyes@gmail.com;xOaZP;2020-09-09 13:51:42
291;Alecia Hicks;aleciahicks@gmail.com;Ja6vZ6;2018-11-12 07:03:15
292;Charles Zeger;charleszeger@gmail.com;E7WWGgF1M;2019-12-14 11:52:10
293;Josephine Bell;josephinebell@gmail.com;CRajrT;2009-10-21 06:34:23
294;Ashley Vargas;ashleyvargas@gmail.com;lD0XMWnKq;2018-02-08 10:06:18
295;Lori Batdorf;loribatdorf@gmail.com;94t7BGd;2010-06-10 23:20:47
296;Shannon Munoz;shannonmunoz@gmail.com;PCh4g;2001-10-02 18:38:33
297;Susan Gage;susangage@gmail.com;scFZuztV7;2006-04-01 04:12:46
298;Donna Lee;donnalee@gmail.com;GzOWx;2010-06-06 02:06:33
299;Kimberly Mcvay;kimberlymcvay@gmail.com;RTQBqvr;2012-12-20 16:05:05
300;James Petersen;jamespetersen@gmail.com;3SDsoGI;2006-07-22 11:08:12
301;Curtis Carbone;curtiscarbone@gmail.com;AwRkjkJ;2012-10-25 00:16:02
302;Stephen Little;stephenlittle@gmail.com;DsX3yLRH;2016-05-27 01:23:45
303;Ann Stroup;annstroup@gmail.com;z6wTF;2011-11-23 05:18:20
304;John Mullis;johnmullis@gmail.com;eMHot;2021-03-16 16:56:51
305;William Fair;williamfair@gmail.com;e9eJkTEa;2018-10-15 12:21:45
306;Bonnie Thornton;bonniethornton@gmail.com;YbnY0;2004-02-03 17:31:26
307;Jesus Miles;jesusmiles@gmail.com;qGN8UMnwV;2000-07-07 09:19:59
308;Sonia Olsen;soniaolsen@gmail.com;ynAEAC64O;2008-12-14 15:44:25
309;Gerald Labbe;geraldlabbe@gmail.com;PduWTGO;2003-12-30 06:37:10
310;Patricia Brunner;patriciabrunner@gmail.com;6oHoJx;2001-03-31 06:05:54
311;David Foley;davidfoley@gmail.com;pSe6v2;2014-08-02 21:19:54
312;Mildred Petty;mildredpetty@gmail.com;ou8cQYL;2017-01-04 00:15:14
313;David Krone;davidkrone@gmail.com;KwqUk;2002-02-14 03:29:44
314;Henry Campbell;henrycampbell@gmail.com;gJEXLBup;2018-06-26 06:16:08
315;Karen Fuller;karenfuller@gmail.com;8SXhWJDEc;2017-03-04 21:06:40
316;Amy Thomas;amythomas@gmail.com;XssKMdv;2017-09-04 22:47:22
317;James Ross;jamesross@gmail.com;eZLqn9;2000-09-18 05:19:23
318;Francis Robinson;francisrobinson@gmail.com;zds2589P;2010-05-15 17:06:07
319;Alan Knapp;alanknapp@gmail.com;kr5xL;2001-10-03 14:17:30
320;Pamela Kirkpatrick;pamelakirkpatrick@gmail.com;3Um5w;2018-08-21 12:30:04
321;William Amato;williamamato@gmail.com;V4lksNiNz;2011-01-08 14:21:01
322;Clarice Navarro;claricenavarro@gmail.com;A3lFcEjP;2021-11-18 20:52:32
323;Lydia Hillis;lydiahillis@gmail.com;MoHtaYM9N;2003-10-02 08:14:39
324;Beverly Peck;beverlypeck@gmail.com;txWXAkBmL;2004-11-19 12:43:16
325;Katherine Kellison;katherinekellison@gmail.com;rN8Ef;2008-11-10 05:01:16
326;Matthew Gibson;matthewgibson@gmail.com;QtQdkSE;2003-07-31 06:04:48
327;Gregory Longo;gregorylongo@gmail.com;A0ikp9co;2015-09-07 06:04:50
328;James Bean;jamesbean@gmail.com;W7gOZck;2008-11-01 22:10:33
329;Sammie Johnson;sammiejohnson@gmail.com;lOWg9q;2003-10-03 06:26:54
330;Phillip Frizzell;phillipfrizzell@gmail.com;qjgeFaZ;2011-09-23 05:39:25
331;Pat Hartman;pathartman@gmail.com;BfetlgAA;2010-11-30 05:02:49
332;Kathleen Harrison;kathleenharrison@gmail.com;423ZY;2018-02-26 16:46:07
333;Lorena Law;lorenalaw@gmail.com;zjdP4BiG1;2020-07-01 20:52:24
334;Debra Kratz;debrakratz@gmail.com;pYQedD6O;2007-06-27 22:58:48
335;Tajuana Fitch;tajuanafitch@gmail.com;Beyed49s9;2002-09-09 04:14:59
336;Heather Williams;heatherwilliams@gmail.com;2EyhExy;2006-08-08 05:24:23
337;Angela Pimentel;angelapimentel@gmail.com;4Lorjp6Uf;2013-10-03 18:33:51
338;Marcus Barnes;marcusbarnes@gmail.com;75Ns12kM;2007-01-17 17:40:16
339;Donald Poe;donaldpoe@gmail.com;6Yqmh;2000-09-25 06:54:52
340;Richard Mincey;richardmincey@gmail.com;KAbQRClk;2018-02-08 20:08:00
341;Betty Anderson;bettyanderson@gmail.com;taFXT;2018-03-21 14:33:20
342;Roger Ward;rogerward@gmail.com;PPmVbi5F;2021-02-05 19:28:50
343;Robert Dugat;robertdugat@gmail.com;W1HDjbok;2011-07-09 14:02:25
344;Gary Gray;garygray@gmail.com;xWKjB;2003-10-30 10:22:36
345;Althea Roberts;althearoberts@gmail.com;HRlkCKON;2012-04-01 06:42:38
346;Mary Bowden;marybowden@gmail.com;wwTH9F;2020-03-08 21:47:13
347;Karen Maslow;karenmaslow@gmail.com;7yBQGhunr;2005-03-03 08:20:02
348;Juana Turner;juanaturner@gmail.com;2DZuH09;2010-03-18 13:18:21
349;Byron Mateo;byronmateo@gmail.com;Mmeot6;2019-11-14 14:55:41
350;Alberta Heyman;albertaheyman@gmail.com;JGFyqA;2012-01-28 08:22:23
351;Marci Tanaka;marcitanaka@gmail.com;XrDWLH4S;2021-12-14 11:36:24
352;Elizabeth Seely;elizabethseely@gmail.com;Q3a0Q6P;2008-06-04 22:45:48
353;Majorie Thomas;majoriethomas@gmail.com;sZbSg;2007-05-12 05:36:08
354;Connie Oakley;connieoakley@gmail.com;30qL73;2010-03-02 00:50:43
355;Ruby Belcher;rubybelcher@gmail.com;wX1cb78u6;2009-07-21 19:34:50
356;Thomas Lupez;thomaslupez@gmail.com;Fj9QR;2016-07-06 00:39:02
357;Harvey Schmitt;harveyschmitt@gmail.com;rPlkYSa3b;2020-08-07 13:38:08
358;Howard Beaver;howardbeaver@gmail.com;xPQmc29;2009-07-30 02:55:32
359;Joshua Carlock;joshuacarlock@gmail.com;Jwj3XZ5i;2004-03-23 23:42:15
360;Philip Wells;philipwells@gmail.com;7Dw70P;2006-01-04 12:05:13
361;John Griffeth;johngriffeth@gmail.com;rHK7Qvrq;2017-08-12 15:01:09
362;Harris Anderson;harrisanderson@gmail.com;yz2pH3Tt;2009-09-29 09:57:12
363;Steven Napier;stevennapier@gmail.com;yTk94;2004-06-24 20:01:51
364;Lois Smith;loissmith@gmail.com;suL4PIM;2010-05-20 09:31:40
365;Thomas Moffett;thomasmoffett@gmail.com;jf4x4Y;2021-03-02 21:13:41
366;Robert Taylor;roberttaylor@gmail.com;o4JMEWAOp;2003-08-10 08:34:04
367;William Wiggs;williamwiggs@gmail.com;3vxsm;2007-05-29 00:54:51
368;Martin Petrie;martinpetrie@gmail.com;j6zHY;2000-02-14 10:16:38
369;Cynthia Martinez;cynthiamartinez@gmail.com;VZ0LmlW3Y;2020-02-25 07:59:47
370;Jo Rountree;jorountree@gmail.com;wSyWQSqY;2000-08-23 07:03:02
371;Jimmy Warren;jimmywarren@gmail.com;98JWS;2006-06-11 00:12:05
372;Victoria Macauley;victoriamacauley@gmail.com;7GtcG;2013-06-07 06:52:51
373;Katie Hudley;katiehudley@gmail.com;xi6ySc0Q;2014-07-05 11:54:27
374;Jodi Richey;jodirichey@gmail.com;LZQVFhhq4;2014-12-10 08:01:19
375;Ernest Ayres;ernestayres@gmail.com;fbQhkql;2006-04-29 11:43:41
376;Audrey Sellers;audreysellers@gmail.com;WxzAQt;2001-08-28 04:09:07
377;Michael Haney;michaelhaney@gmail.com;sCk3XQ9;2016-02-26 09:45:36
378;Amy Newman;amynewman@gmail.com;u3iAvL;2002-08-22 21:04:29
379;Robert Carrasco;robertcarrasco@gmail.com;C5nURGnhp;2016-07-19 15:21:17
380;Henrietta Porath;henriettaporath@gmail.com;qFLj2XX;2019-08-29 16:17:44
381;Elmer Hamilton;elmerhamilton@gmail.com;227ZvPksG;2005-07-24 12:16:16
382;Annette Jamerson;annettejamerson@gmail.com;9rUbfHO;2014-01-23 08:59:48
383;Jennie Carman;jenniecarman@gmail.com;YR1sku6Xw;2012-12-10 23:10:19
384;Isabella Haro;isabellaharo@gmail.com;7JpkTm;2003-12-21 09:51:41
385;Alan Fussell;alanfussell@gmail.com;2D2Z6;2015-12-13 22:11:39
386;Rhonda Lowrey;rhondalowrey@gmail.com;oMt2j;2001-02-14 18:28:59
387;Bernardo Martine;bernardomartine@gmail.com;B8pOs7y;2013-01-13 17:31:54
388;Annmarie Lowery;annmarielowery@gmail.com;jIMGGGV;2003-10-29 02:11:26
389;Lucy Jordan;lucyjordan@gmail.com;T6DeZh;2004-08-29 19:31:22
390;Mario Bledsoe;mariobledsoe@gmail.com;dZcuPrDM;2006-11-03 22:18:03
391;Timothy Yazzie;timothyyazzie@gmail.com;0mtikwl;2008-08-29 17:28:47
392;Jan Stewart;janstewart@gmail.com;Gt2EW;2009-10-19 00:06:56
393;Joann Jewell;joannjewell@gmail.com;ufY8n;2013-11-05 02:03:28
394;Marget Linsky;margetlinsky@gmail.com;LJ9iITlW;2004-05-07 02:29:05
395;Belinda Mebane;belindamebane@gmail.com;fPwpmYhT;2020-04-14 12:04:15
396;Pauline Ornelas;paulineornelas@gmail.com;eSkS3;2020-10-03 14:46:20
397;Alexandria Borden;alexandriaborden@gmail.com;FtDSLWjBg;2009-11-02 01:46:13
398;Robert Sprauve;robertsprauve@gmail.com;xdSGEWK1n;2014-04-27 14:24:27
399;James Bassett;jamesbassett@gmail.com;UeymJTB;2012-10-13 17:37:48
400;Bryce Driscoll;brycedriscoll@gmail.com;hjDS3cfj;2004-07-22 15:55:04
401;Joel Snodgrass;joelsnodgrass@gmail.com;3wZuVPxy;2007-01-06 12:46:15
402;Alice King;aliceking@gmail.com;NtSwH;2014-02-18 21:35:51
403;Kenneth Cook;kennethcook@gmail.com;7T5Ye5Sfi;2010-08-19 07:47:12
404;Vickie Garrison;vickiegarrison@gmail.com;TiR75;2001-08-19 04:52:41
405;Christopher Davies;christopherdavies@gmail.com;73BDAODZ;2017-07-24 14:14:46
406;Billie Wellman;billiewellman@gmail.com;0h8Kv;2006-11-21 23:57:41
407;Joyce Zinner;joycezinner@gmail.com;FVJf6N3;2011-02-22 03:28:33
408;Dennis Lee;dennislee@gmail.com;Hl5zz8;2017-11-08 01:20:37
409;Lisa Brunson;lisabrunson@gmail.com;YyAw2zo38;2020-03-14 13:21:04
410;Bruce Mccorkle;brucemccorkle@gmail.com;dNnVTL;2020-08-26 00:32:10
411;Derek Winters;derekwinters@gmail.com;6aN14aNtI;2008-08-17 11:15:09
412;Leroy Clark;leroyclark@gmail.com;yXgDy3;2005-03-20 11:57:17
413;Thomas Huntley;thomashuntley@gmail.com;ZNoyOLDtU;2001-10-10 04:58:49
414;Stacy Brown;stacybrown@gmail.com;b2wpPSa;2014-02-25 08:27:47
415;Hilda Vowell;hildavowell@gmail.com;jAauf3l;2015-05-29 02:12:38
416;Donna Kaiser;donnakaiser@gmail.com;XfYrX;2016-10-30 10:17:49
417;Jean French;jeanfrench@gmail.com;HUTEVz;2016-06-16 23:03:10
418;Bradley Letellier;bradleyletellier@gmail.com;tQIra4;2011-08-01 20:21:02
419;Alvin Custer;alvincuster@gmail.com;gMo0i;2015-09-29 14:16:02
420;David Hillis;davidhillis@gmail.com;EQbxp;2018-02-22 23:30:15
421;Jack Harman;jackharman@gmail.com;AdjQxw;2011-03-02 22:42:55
422;Stephen Hamel;stephenhamel@gmail.com;w4t1l;2002-07-21 22:33:49
423;Orlando Grimm;orlandogrimm@gmail.com;pFxjNz;2016-10-17 03:50:07
424;Ian Lawson;ianlawson@gmail.com;7Snr5TN;2004-03-19 03:55:59
425;Carl Conteh;carlconteh@gmail.com;YpgO4r;2001-04-30 03:44:53
426;Jose Reber;josereber@gmail.com;1UIfQ;2010-08-15 07:43:18
427;Christopher Lowe;christopherlowe@gmail.com;Iz6casYVq;2002-12-04 19:58:45
428;Christina Phillips;christinaphillips@gmail.com;Ak4Hc3F;2005-05-07 05:44:21
429;Sandy Holt;sandyholt@gmail.com;xkqdawcqm;2002-08-17 16:26:53
430;Jamie Ford;jamieford@gmail.com;Kz0pF;2013-08-01 00:25:20
431;Arthur Guadian;arthurguadian@gmail.com;hQc7qRm4;2005-11-23 13:32:54
432;Raymond Schroeder;raymondschroeder@gmail.com;XCKpji1Do;2016-12-09 03:27:57
433;Joseph Lindsey;josephlindsey@gmail.com;brqDCJD;2021-12-03 00:30:54
434;Ella Brooks;ellabrooks@gmail.com;8kQ75u;2000-11-23 06:53:50
435;Jean Watson;jeanwatson@gmail.com;zOwV1E9X7;2001-03-03 21:00:03
436;Claudia Lloyd;claudialloyd@gmail.com;GpfK2B;2015-07-07 23:49:13
437;Catherine Martin;catherinemartin@gmail.com;EwMkWQ2;2017-04-10 19:24:14
438;Michelle Cardoza;michellecardoza@gmail.com;CyzuAA8;2006-03-28 07:29:06
439;Jennifer Nave;jennifernave@gmail.com;DPUn3ndM;2008-06-09 02:49:14
440;Beverly Thornton;beverlythornton@gmail.com;D7KUQ;2019-07-27 07:20:33
441;Henry Rowan;henryrowan@gmail.com;9heaOhVJ;2007-02-21 23:44:03
442;Todd Mccluskey;toddmccluskey@gmail.com;bEcVtXB;2011-06-01 01:47:10
443;Bryan Stalker;bryanstalker@gmail.com;YFtW1S;2014-01-09 07:12:11
444;Eleanor Larson;eleanorlarson@gmail.com;vax6p9d9;2018-03-03 08:42:20
445;Max Simmons;maxsimmons@gmail.com;W7U8W;2009-04-18 23:17:41
446;Brittany Augenstein;brittanyaugenstein@gmail.com;zqSUFV;2004-12-01 07:30:01
447;Joel Bertran;joelbertran@gmail.com;p380KiFOV;2004-04-02 17:45:51
448;Angela Harding;angelaharding@gmail.com;TP98iu;2008-10-25 23:27:06
449;Howard Yim;howardyim@gmail.com;Dh6UvKVc;2001-01-04 03:31:05
450;Linda Aden;lindaaden@gmail.com;Wzr6O;2011-12-23 17:25:13
451;Herman Fox;hermanfox@gmail.com;onCJg7EV;2003-11-12 10:26:22
452;Linda Miller;lindamiller@gmail.com;fLZ9V6;2003-07-16 20:49:17
453;Henry Rogers;henryrogers@gmail.com;oZhuzCMR;2016-02-15 12:21:04
454;Sherri Doyle;sherridoyle@gmail.com;ZMjr7J;2007-08-27 06:34:35
455;Emily Cluff;emilycluff@gmail.com;IynUHY;2000-04-18 15:52:55
456;Keith Payson;keithpayson@gmail.com;LlBwLo;2011-07-16 00:41:58
457;Frank Richardt;frankrichardt@gmail.com;LxywGwd8;2009-10-17 01:46:38
458;Norma Ahmed;normaahmed@gmail.com;RWX6Rg;2018-03-03 22:24:44
459;Michele Hernandez;michelehernandez@gmail.com;cqn4X9j;2007-01-26 19:29:23
460;Elsie Austin;elsieaustin@gmail.com;s14iv;2000-08-03 05:25:37
461;Frances Urena;francesurena@gmail.com;g9z0nXJGu;2019-02-27 19:03:49
462;John Fair;johnfair@gmail.com;02slg;2014-12-30 16:42:20
463;John Wallace;johnwallace@gmail.com;wzsI1Y5;2015-01-26 05:07:17
464;Laura Young;laurayoung@gmail.com;uI4Sn4GKp;2016-08-21 01:01:20
465;Desiree Gross;desireegross@gmail.com;Bxnd7V;2014-05-25 19:25:50
466;Dennis Shellum;dennisshellum@gmail.com;7y2qIP2JA;2005-03-07 19:14:11
467;James Watson;jameswatson@gmail.com;rj3NG9w;2003-05-31 21:59:42
468;Maryanne Bowen;maryannebowen@gmail.com;PaZxYtPxJ;2009-03-15 22:32:58
469;Angela Downey;angeladowney@gmail.com;BmSiqAHMc;2016-08-30 17:53:40
470;Lauren Bailey;laurenbailey@gmail.com;rkfjz;2005-06-09 08:13:54
471;Gladys Dunleavy;gladysdunleavy@gmail.com;tInNvIE;2003-01-05 07:48:46
472;James Harrison;jamesharrison@gmail.com;ksc5Z2yM;2015-09-20 14:57:10
473;Beth Lara;bethlara@gmail.com;qg2319GjO;2008-11-21 14:08:10
474;William Langdon;williamlangdon@gmail.com;iu8Jju;2009-03-29 06:34:51
475;Bethany Dziuba;bethanydziuba@gmail.com;t860mfq;2015-02-24 03:32:57
476;Angie Gilliam;angiegilliam@gmail.com;xMUmrv9;2015-01-23 17:06:06
477;John Gordon;johngordon@gmail.com;VaW90bav3;2011-02-09 21:36:10
478;Kathleen Bush;kathleenbush@gmail.com;vSVb4cX;2010-10-27 06:31:10
479;Anthony Barbee;anthonybarbee@gmail.com;Gc1VKl3R2;2000-03-04 01:26:46
480;Christopher Garmon;christophergarmon@gmail.com;zT4ioF;2010-07-26 16:42:59
481;Sandra Price;sandraprice@gmail.com;e88kK3x;2013-09-11 05:17:08
482;Eddie Anders;eddieanders@gmail.com;Fk64YzR3g;2017-04-26 16:47:01
483;Christina Hodge;christinahodge@gmail.com;XNyTy0q;2008-12-19 15:58:44
484;Chris Elliott;chriselliott@gmail.com;CpKf2Gy;2000-06-02 16:51:10
485;Manuel Hudson;manuelhudson@gmail.com;chnPV;2017-12-19 22:08:08
486;Amber Adkins;amberadkins@gmail.com;kum0zps;2003-04-02 19:27:03
487;Jenna Lamb;jennalamb@gmail.com;BalDCX;2003-09-20 09:48:24
488;Jacob Amaral;jacobamaral@gmail.com;KoAYE2zg;2002-04-20 15:40:23
489;Odette Marshall;odettemarshall@gmail.com;byxQCfsX;2015-02-07 10:03:16
490;Sarah Peoples;sarahpeoples@gmail.com;PunXK1Qj;2020-02-26 06:19:32
491;Debbie Bacon;debbiebacon@gmail.com;jFT62C;2002-02-25 00:16:22
492;Frances Parke;francesparke@gmail.com;jYOrv4;2006-03-02 17:00:58
493;George Roberrtson;georgeroberrtson@gmail.com;RGRze;2014-08-23 08:37:46
494;Ann Lynch;annlynch@gmail.com;ySzy5;2018-12-17 20:30:45
495;Anthony Lane;anthonylane@gmail.com;Ia2MkTpaT;2013-04-19 21:35:47
496;Orville Devine;orvilledevine@gmail.com;hl4Ndk;2018-08-24 02:20:41
497;Ruben Tice;rubentice@gmail.com;WcQ1ZoKo;2005-06-08 20:29:50
498;Richard Anderson;richardanderson@gmail.com;ugWPjfSsX;2017-03-27 18:11:55
499;Matthew Richard;matthewrichard@gmail.com;07PFtsnl;2003-02-04 12:27:08
500;Mary Sholar;marysholar@gmail.com;4UeCh697;2006-04-26 14:26:55
501;Helen Smith;helensmith@gmail.com;OOw85b4;2010-12-19 10:46:59
502;Steven Sanchez;stevensanchez@gmail.com;Zokt8S4zB;2004-04-27 17:08:52
503;Esperanza Yuhasz;esperanzayuhasz@gmail.com;Zm2iBro;2016-03-11 16:14:03
504;George Mcnulty;georgemcnulty@gmail.com;NiVUeFRsR;2013-11-28 17:28:28
505;Sean Smith;seansmith@gmail.com;1Mq70Fvm;2002-10-11 23:27:42
506;Ronnie Mathews;ronniemathews@gmail.com;q01vc;2008-03-18 20:47:00
507;Greta Suski;gretasuski@gmail.com;Uhb3L;2012-07-02 09:07:19
508;Karen Peterson;karenpeterson@gmail.com;LNkEnlx;2012-08-04 11:19:38
509;Barbara Holzinger;barbaraholzinger@gmail.com;kONNIv;2000-03-30 01:30:16
510;Susann Jenkins;susannjenkins@gmail.com;vO50APh1;2010-12-19 01:29:40
511;Joshua Bakken;joshuabakken@gmail.com;m25KZ;2011-05-04 07:28:25
512;Karen Balistreri;karenbalistreri@gmail.com;xePkX;2005-07-23 18:14:03
513;Rosemary Duran;rosemaryduran@gmail.com;mRlX5z;2020-05-09 13:12:48
514;Joe Rosales;joerosales@gmail.com;QnpCMuTF3;2020-03-26 11:41:44
515;Adria Tillman;adriatillman@gmail.com;YBoJVCM;2008-06-29 23:07:26
516;Sandra Liefer;sandraliefer@gmail.com;WJOQLYX4;2003-11-26 12:44:35
517;Diane Jenkins;dianejenkins@gmail.com;KAKlTmnkt;2017-08-22 16:28:07
518;Billye Roberson;billyeroberson@gmail.com;Ec9X9;2015-06-17 14:01:27
519;Robert Ruiz;robertruiz@gmail.com;UBzHrVrKR;2007-04-06 12:47:17
520;Stephen Thomas;stephenthomas@gmail.com;tqYRp9SQ4;2009-10-18 03:48:58
521;Rosina Powles;rosinapowles@gmail.com;wBpNOb;2004-12-28 23:50:11
522;Karen Cloer;karencloer@gmail.com;lbIK26SL;2016-07-23 22:07:09
523;Marian Holmes;marianholmes@gmail.com;ge8GoaL7;2008-11-06 04:55:49
524;Willene Chu;willenechu@gmail.com;z8bUA3KxM;2000-03-02 15:23:58
525;Annabelle Baker;annabellebaker@gmail.com;FbnmkN;2020-07-27 17:43:55
526;Edwin Lewandowski;edwinlewandowski@gmail.com;pvOtu;2008-07-31 10:46:17
527;Vincent Raymond;vincentraymond@gmail.com;6hmIi;2005-12-28 13:38:10
528;Guillermo Cruz;guillermocruz@gmail.com;O51DI;2011-01-07 17:43:11
529;Debra Deberry;debradeberry@gmail.com;y5AXZM;2000-08-14 13:27:45
530;Sidney Thompson;sidneythompson@gmail.com;D2aYUeb;2000-03-11 19:52:31
531;Dora Russell;dorarussell@gmail.com;Kl9GYBn;2009-01-13 20:19:24
532;Carol Millard;carolmillard@gmail.com;xDqfOAsa;2011-04-29 19:55:28
533;Allan Lee;allanlee@gmail.com;Gdi7aE;2001-04-23 23:01:21
534;Mildred Graham;mildredgraham@gmail.com;bdzKhzkf;2017-12-25 08:05:01
535;Annette Richardson;annetterichardson@gmail.com;d0MuS;2020-08-27 10:15:15
536;Sheryl Smith;sherylsmith@gmail.com;lsiPwT;2004-09-23 17:57:45
537;Winnifred Dwelle;winnifreddwelle@gmail.com;kfH2m;2009-08-26 11:38:09
538;Maria Tarasuik;mariatarasuik@gmail.com;PqHIlh6tZ;2017-01-07 06:11:34
539;Alyssa Atwood;alyssaatwood@gmail.com;vBTMqWYbE;2003-04-26 00:12:56
540;Linda Gregory;lindagregory@gmail.com;HvlMq0P;2013-09-06 12:47:41
541;Tracy Jackson;tracyjackson@gmail.com;XfbRUimJY;2014-06-26 12:35:04
542;Marion Mellon;marionmellon@gmail.com;eHYXpQ6sC;2008-01-08 03:17:50
543;Steven Huerta;stevenhuerta@gmail.com;HPmzhbh;2017-09-17 13:41:32
544;Richard Pennisi;richardpennisi@gmail.com;CVcOikUV;2005-05-31 01:49:12
545;Janet Brooks;janetbrooks@gmail.com;f2Y6eIr;2019-09-12 23:23:15
546;Deborah Dixon;deborahdixon@gmail.com;KD4hN;2020-09-26 05:14:31
547;Laura Taylor;laurataylor@gmail.com;KaDr0wQ;2012-10-01 00:18:47
548;Terri Amezquita;terriamezquita@gmail.com;FOjHzntv;2013-02-09 13:25:05
549;Carolyn Rodriguez;carolynrodriguez@gmail.com;AJUPo;2013-09-13 00:15:45
550;Robert Jordon;robertjordon@gmail.com;WvZwW;2013-04-09 12:20:44
551;Beth Scott;bethscott@gmail.com;djM5LR;2004-12-08 18:38:48
552;Nedra Stewart;nedrastewart@gmail.com;WLdEUZf;2004-12-30 21:12:49
553;Jean Brown;jeanbrown@gmail.com;yukY20W5;2018-03-27 10:27:24
554;Norma Stroud;normastroud@gmail.com;D52CiAgFS;2002-02-11 13:08:48
555;Wanda Cabrera;wandacabrera@gmail.com;3PeIov8;2008-09-30 13:19:48
556;Gordon Hellwig;gordonhellwig@gmail.com;fn8qgx;2011-10-25 00:57:02
557;Chris Gallahan;chrisgallahan@gmail.com;F0ElMVzM1;2009-11-24 05:07:19
558;Emily Pinkert;emilypinkert@gmail.com;a2oy6jZ;2011-06-02 02:23:21
559;Stephen Fitzwater;stephenfitzwater@gmail.com;Miwqq;2003-09-05 08:58:23
560;Daniel Keyser;danielkeyser@gmail.com;2L6hGS;2018-08-31 03:21:39
561;Esther Thompson;estherthompson@gmail.com;UA2V5xTPT;2020-01-26 20:56:50
562;Georgina Brown;georginabrown@gmail.com;IvVwLFC;2014-03-18 06:22:17
563;Michael Moss;michaelmoss@gmail.com;2gmlZZ66N;2006-10-07 17:59:27
564;Delores Schnetzer;deloresschnetzer@gmail.com;jq1xbxN;2011-12-24 02:13:51
565;Shauna Wyche;shaunawyche@gmail.com;QmGTk3ZaT;2004-10-17 20:02:40
566;Roland Jones;rolandjones@gmail.com;QmvaXyEI;2021-07-11 10:55:07
567;Claire Mohr;clairemohr@gmail.com;CBpY2hh;2011-12-31 17:00:50
568;Frank Pressley;frankpressley@gmail.com;lQ8pih9;2014-08-27 23:06:51
569;Carlos Newsome;carlosnewsome@gmail.com;4sDl25;2013-09-07 20:07:49
570;Russel Piatek;russelpiatek@gmail.com;2X6spADP;2002-06-10 05:50:23
571;Ralph Rother;ralphrother@gmail.com;uBpaBO;2004-06-22 18:01:42
572;Steven Hensley;stevenhensley@gmail.com;xHCxm;2001-06-05 04:50:45
573;Marion Robles;marionrobles@gmail.com;pZshAcspV;2002-04-22 01:33:45
574;Sandra Rawls;sandrarawls@gmail.com;JWnoA;2004-01-03 23:28:31
575;George Ramirez;georgeramirez@gmail.com;hENYxmy;2011-04-08 13:35:37
576;Krystal Goldstein;krystalgoldstein@gmail.com;Dppix49TE;2011-05-08 11:32:18
577;Anthony Libby;anthonylibby@gmail.com;YqkkA2uz;2006-04-16 07:26:32
578;Phillip Dean;phillipdean@gmail.com;dyHyknb0g;2005-03-11 12:12:11
579;Jack Randolph;jackrandolph@gmail.com;STourCKt;2014-01-03 23:33:32
580;Lindsey Mcrae;lindseymcrae@gmail.com;Pu0R3X7;2015-08-11 07:31:23
581;Genevieve Strissel;genevievestrissel@gmail.com;rcfG7IOy;2003-05-10 13:09:49
582;Thomas Randrup;thomasrandrup@gmail.com;osogF;2011-02-07 05:56:31
583;Jodi Oelke;jodioelke@gmail.com;dHs4H;2017-07-18 09:59:11
584;Esther Holloway;estherholloway@gmail.com;LiNbuwuLO;2021-12-12 03:04:34
585;Billy Scarlett;billyscarlett@gmail.com;56fDrem;2016-07-28 05:33:34
586;Rusty Toombs;rustytoombs@gmail.com;fdceUfwjb;2019-02-28 12:41:15
587;Jesse Fowlkes;jessefowlkes@gmail.com;YgYbGNjkZ;2003-01-24 14:42:23
588;Christopher Kramer;christopherkramer@gmail.com;ycayLz;2016-01-07 05:47:47
589;Michael Young;michaelyoung@gmail.com;iDXpAzM;2015-04-08 22:50:57
590;Wayne Prohaska;wayneprohaska@gmail.com;46hzQBa;2007-10-24 19:47:59
591;Dustin Lewis;dustinlewis@gmail.com;BKk4Fj;2005-04-07 10:46:44
592;Dianne Buckley;diannebuckley@gmail.com;A67eF;2005-11-23 17:05:31
593;Cody Fields;codyfields@gmail.com;e2CAP5y;2020-08-06 16:39:42
594;Melvin Luzar;melvinluzar@gmail.com;nbTQJwi;2010-01-06 12:33:04
595;Cameron Michel;cameronmichel@gmail.com;bYIwHsJie;2009-07-30 15:30:24
596;Michael Hunter;michaelhunter@gmail.com;dNrBZ5x;2006-04-17 12:44:38
597;Kevin Bell;kevinbell@gmail.com;i1eE29;2011-08-16 03:32:40
598;Robert Raisley;robertraisley@gmail.com;f3EdlhP6Y;2016-12-10 17:15:36
599;Melissa Bradwell;melissabradwell@gmail.com;qQyx1D;2021-02-17 04:46:15
600;Dawn Edmondson;dawnedmondson@gmail.com;CZLnFV;2009-01-21 06:41:42
601;Margaret Calvo;margaretcalvo@gmail.com;opMFd4Nq;2010-10-26 15:57:25
602;Carl Painter;carlpainter@gmail.com;bwZvZvA;2008-11-19 21:19:13
603;Arron Kowal;arronkowal@gmail.com;z1kWzTK4s;2013-04-30 09:04:30
604;Peter Fleming;peterfleming@gmail.com;joywrp;2017-08-14 18:33:29
605;Shakira Mason;shakiramason@gmail.com;VJmc81mZd;2006-04-21 09:05:57
606;Judith Salgado;judithsalgado@gmail.com;Yp3A05D;2020-05-30 23:46:25
607;Marie Caldwell;mariecaldwell@gmail.com;SX8ds;2019-11-27 10:27:59
608;Jonathan Lowe;jonathanlowe@gmail.com;rfsJjSRi;2020-06-25 04:27:55
609;Morgan Lindsey;morganlindsey@gmail.com;KWNYu;2008-04-19 22:03:55
610;Richard Rodriguez;richardrodriguez@gmail.com;thkkJKHZ;2014-01-07 13:25:50
611;Steven Merrick;stevenmerrick@gmail.com;cMYnUhs;2004-06-09 09:12:26
612;Ann Beauchemin;annbeauchemin@gmail.com;2Nd9vc;2002-12-03 17:13:06
613;Erika Reid;erikareid@gmail.com;bB3DWF;2018-04-01 16:24:25
614;Laura Parrales;lauraparrales@gmail.com;ZkhlyA;2000-01-02 06:54:12
615;Katherine Bettes;katherinebettes@gmail.com;ZWmAiFYLn;2017-11-11 16:23:57
616;Malena Ruzich;malenaruzich@gmail.com;q0uVEXbf1;2014-03-06 11:11:55
617;Jose Culpit;joseculpit@gmail.com;ljUh0VuoL;2003-09-28 20:02:00
618;Lona Conway;lonaconway@gmail.com;mbWw7vr;2021-12-12 23:27:10
619;Hugo Dickerson;hugodickerson@gmail.com;jMjMugd0;2008-02-22 18:14:40
620;Marsha Yelton;marshayelton@gmail.com;AlRtGGIkU;2015-11-10 05:09:42
621;Joann Chandler;joannchandler@gmail.com;0cRqy63c;2013-09-07 18:53:41
622;Kathryn Hatcher;kathrynhatcher@gmail.com;UEG1twE;2018-04-14 16:52:49
623;Karen Woolsey;karenwoolsey@gmail.com;Atc29cE;2018-10-12 16:06:21
624;Felisha Mcneal;felishamcneal@gmail.com;lhDSIk;2017-06-29 02:37:27
625;Kenneth Billiter;kennethbilliter@gmail.com;TaB8S;2020-06-07 08:21:48
626;Katherine Conway;katherineconway@gmail.com;wcWxFN;2001-07-15 10:40:23
627;Kenneth Curtin;kennethcurtin@gmail.com;3lDGkOo;2009-11-06 09:15:16
628;Ila Yahna;ilayahna@gmail.com;5UDsrOv;2012-05-12 21:20:41
629;John Christensen;johnchristensen@gmail.com;ApwZiZ;2002-03-07 12:34:01
630;Elmira Kennedy;elmirakennedy@gmail.com;B9kDP;2011-09-18 01:25:59
631;Kellye Richardson;kellyerichardson@gmail.com;McvjmY3J;2010-12-07 16:59:35
632;Gary Morris;garymorris@gmail.com;TP0DFW;2004-08-15 01:53:04
633;John Weathersby;johnweathersby@gmail.com;lfVvVmuXV;2007-04-11 18:42:42
634;Vivian Vancamp;vivianvancamp@gmail.com;UyQju;2007-10-30 13:48:05
635;Agnes Henrickson;agneshenrickson@gmail.com;fJxvPbma;2010-12-10 11:36:51
636;Shawanda Shamblin;shawandashamblin@gmail.com;yXGeshicg;2003-01-30 23:53:09
637;Charles Carriger;charlescarriger@gmail.com;R6nhfAOY5;2021-09-26 15:17:27
638;Julio Monroe;juliomonroe@gmail.com;W6Hn3Go;2006-01-05 21:33:50
639;Rhonda Kern;rhondakern@gmail.com;6hUvLDw4l;2010-11-22 01:30:08
640;Alfred Evans;alfredevans@gmail.com;GB56Njk;2008-05-06 10:32:25
641;Nathaniel Medina;nathanielmedina@gmail.com;WujMw0OU;2014-11-25 03:32:20
642;Victoria Mclain;victoriamclain@gmail.com;j30hL;2001-11-17 07:28:34
643;Rhonda Lin;rhondalin@gmail.com;3D89xkE;2011-10-06 11:53:40
644;Tanya Auten;tanyaauten@gmail.com;dEJOa;2018-06-13 04:55:19
645;Candace Reece;candacereece@gmail.com;vPjllJuEv;2008-07-12 17:38:00
646;Lucrecia Lawless;lucrecialawless@gmail.com;AL7LnH;2005-06-25 06:46:13
647;Betsy Devlin;betsydevlin@gmail.com;sgHd6x7C;2015-07-22 02:18:57
648;Judy Ivory;judyivory@gmail.com;qQJnJ6I;2010-10-17 08:55:33
649;Dawn Leslie;dawnleslie@gmail.com;HbshgyE;2012-12-26 12:12:57
650;Kim Trejo;kimtrejo@gmail.com;7izMC2y;2008-05-28 06:47:02
651;Marion Clarkson;marionclarkson@gmail.com;J3Dof3EL;2012-04-23 02:18:10
652;Stephen Hayward;stephenhayward@gmail.com;2nhXjwL8;2021-02-02 05:36:58
653;Wesley Bresnahan;wesleybresnahan@gmail.com;0ubw4Adiy;2017-12-31 01:45:23
654;Juan Furrer;juanfurrer@gmail.com;Qxz3Luvdr;2007-12-20 21:53:52
655;Chad Blair;chadblair@gmail.com;CJtU6;2003-09-16 07:38:12
656;Oralia Ruiz;oraliaruiz@gmail.com;3HXeS;2005-10-26 14:05:43
657;Jamie Robertson;jamierobertson@gmail.com;Gwa3LWIGX;2006-09-09 01:10:48
658;Mason Eberhardt;masoneberhardt@gmail.com;xBo34p;2018-11-14 00:20:03
659;Robert Howard;roberthoward@gmail.com;W3lB2;2002-12-14 20:43:31
660;Laurie Floyd;lauriefloyd@gmail.com;m2NHBox;2004-05-31 20:01:34
661;Kimberly Byfield;kimberlybyfield@gmail.com;q484Y1t;2014-04-24 13:17:15
662;Ray Bennett;raybennett@gmail.com;jroiYG;2021-03-20 23:17:51
663;Henry Winkler;henrywinkler@gmail.com;kJlKh;2021-11-02 17:32:08
664;Portia Sanchez;portiasanchez@gmail.com;Mtg4bwSbW;2003-04-17 20:39:03
665;Alfred Singer;alfredsinger@gmail.com;Dwhq5suBd;2017-03-14 16:34:54
666;Kendra Sawinski;kendrasawinski@gmail.com;5s0AWCO;2011-11-24 06:53:44
667;Tommy Jordan;tommyjordan@gmail.com;du3VhUE;2008-08-11 19:52:49
668;Donna Wyatt;donnawyatt@gmail.com;aFupd81E;2010-07-31 23:29:40
669;Robert Mendoza;robertmendoza@gmail.com;duMAs;2017-01-30 09:27:05
670;Mary Jones;maryjones@gmail.com;rbTHA;2019-01-05 07:14:54
671;Andrew Davis;andrewdavis@gmail.com;Mll79;2016-07-31 17:33:17
672;Thomas Byrd;thomasbyrd@gmail.com;see3C;2010-01-17 03:40:31
673;Luz Landrum;luzlandrum@gmail.com;IcH1IAv;2020-08-16 20:22:46
674;Laurie Ortiz;laurieortiz@gmail.com;Tyhf4;2004-03-16 05:34:14
675;Dolores Young;doloresyoung@gmail.com;uMTKGTr0;2014-06-01 02:41:24
676;Desmond Morales;desmondmorales@gmail.com;vY08KHk5C;2013-02-07 17:09:02
677;Luis Wynn;luiswynn@gmail.com;dz7ppPJ0;2019-10-29 01:29:39
678;Dana Davies;danadavies@gmail.com;HrhaMQ;2009-03-19 08:19:24
679;Charles Miller;charlesmiller@gmail.com;ivco6X;2016-10-08 12:28:46
680;Latonya Gathers;latonyagathers@gmail.com;80nIFAJ;2005-07-23 23:17:21
681;Dianne Spinks;diannespinks@gmail.com;hRLbWzp;2008-07-06 04:31:59
682;Patsy Carter;patsycarter@gmail.com;3IQgGLj;2012-02-06 16:01:02
683;Lois Rossi;loisrossi@gmail.com;mlgA8l;2004-07-17 01:19:26
684;Norma Gaiser;normagaiser@gmail.com;L1MX9Pz;2006-06-03 12:46:30
685;Shawna Holland;shawnaholland@gmail.com;XyZnn;2018-09-15 22:46:23
686;Marcus Heath;marcusheath@gmail.com;w2gNj3vv;2002-01-20 17:12:44
687;Frances Keel;franceskeel@gmail.com;TUGKgJN;2008-09-03 15:17:11
688;Kelly Ray;kellyray@gmail.com;MACrmt;2011-06-18 23:25:03
689;Carmen Poulson;carmenpoulson@gmail.com;NCEpzp;2019-08-26 05:00:34
690;Richard Phillips;richardphillips@gmail.com;ZBxl0cnIP;2019-02-23 05:15:21
691;Shirley Black;shirleyblack@gmail.com;GiDfQo7Y;2021-04-09 10:17:07
692;David Walch;davidwalch@gmail.com;QLiZmkGp;2017-10-20 19:12:39
693;Winford Knight;winfordknight@gmail.com;MMvSwJBgQ;2008-06-19 11:06:08
694;Maria Hogan;mariahogan@gmail.com;mUwQXA;2011-03-30 08:35:18
695;Sidney Garrett;sidneygarrett@gmail.com;DB1AlM2pD;2010-06-14 07:53:53
696;Holly Moore;hollymoore@gmail.com;zpa1xRH5Y;2001-04-12 04:09:41
697;Richard Melton;richardmelton@gmail.com;UfnVbo;2013-07-24 03:47:16
698;Mary Humphrey;maryhumphrey@gmail.com;XjGnuc;2009-10-02 06:20:01
699;Maria Tapia;mariatapia@gmail.com;Gg8xOxwAQ;2011-02-08 21:39:41
700;Roger Hines;rogerhines@gmail.com;RUx3wlMys;2021-08-26 08:53:41
701;Grant Faircloth;grantfaircloth@gmail.com;hzSlG;2013-11-10 12:34:53
702;Patsy Bernstein;patsybernstein@gmail.com;PFSpCRjTk;2011-02-22 07:02:26
703;Benita Patterson;benitapatterson@gmail.com;qmiwgbeTI;2016-03-18 18:12:09
704;Catherine Baldon;catherinebaldon@gmail.com;uaILUbrs;2017-08-13 07:05:41
705;Patricia Sartain;patriciasartain@gmail.com;pKGn2Hw;2019-08-14 08:58:33
706;Shon Johnson;shonjohnson@gmail.com;rTs80KX;2016-02-20 14:07:27
707;Christopher Rush;christopherrush@gmail.com;5ccAhnVfb;2004-02-05 20:00:36
708;Brenda Freitas;brendafreitas@gmail.com;OIk8X;2014-05-09 11:41:14
709;Lee Bernardi;leebernardi@gmail.com;52nKMP;2001-03-15 14:51:29
710;Laura Lawlor;lauralawlor@gmail.com;zBD2nI;2015-08-14 17:21:29
711;Cheryl Murphy;cherylmurphy@gmail.com;NHGI88v;2019-08-20 00:40:43
712;Sybil Nelson;sybilnelson@gmail.com;At4eRUAJ0;2010-09-22 12:41:19
713;Winifred Dorch;winifreddorch@gmail.com;8BkvCnJ2I;2006-06-25 07:05:12
714;Diane Mcdonald;dianemcdonald@gmail.com;XM8p3u2B;2000-07-04 11:55:59
715;Kathy Henderson;kathyhenderson@gmail.com;eXOL031X;2013-08-30 18:41:50
716;Cathy Mcnair;cathymcnair@gmail.com;VO7b0UiZW;2014-02-07 00:05:00
717;Mireya Lowe;mireyalowe@gmail.com;eeW4Jb4p;2014-02-02 01:17:07
718;Frederick Kline;frederickkline@gmail.com;xvTxAm;2017-01-09 06:32:03
719;Tiffany Robinson;tiffanyrobinson@gmail.com;ngisvu;2002-05-24 01:33:21
720;Shannon Wright;shannonwright@gmail.com;4ivCMSS;2012-06-16 12:21:16
721;Edna Campbell;ednacampbell@gmail.com;vYxd1O1E9;2003-01-17 11:14:44
722;Justin Storjohann;justinstorjohann@gmail.com;MQaoN8E18;2012-10-03 08:52:36
723;Michael Young;michaelyoung@gmail.com;AkLaHGMf;2018-01-26 15:01:03
724;Marilyn Young;marilynyoung@gmail.com;ytc7C0AbR;2011-11-04 04:57:31
725;Gloria Viejo;gloriaviejo@gmail.com;DxoNxU4r;2001-12-13 06:15:27
726;Homer Mccleave;homermccleave@gmail.com;hUGll;2000-06-15 03:28:29
727;Glen Black;glenblack@gmail.com;fAngi;2012-01-15 21:24:58
728;Michael Jabbie;michaeljabbie@gmail.com;jFpDqog;2005-10-12 13:30:18
729;David Stein;davidstein@gmail.com;Bgo8utMFB;2019-08-27 10:32:34
730;William Martinez;williammartinez@gmail.com;WYsF92;2012-12-08 01:48:21
731;Robert Coffman;robertcoffman@gmail.com;ZLALK;2004-10-27 03:03:20
732;Kelly Mickle;kellymickle@gmail.com;M3Tgg6;2008-07-15 01:19:51
733;Barry Brown;barrybrown@gmail.com;BYxSkWQvB;2007-12-07 05:20:44
734;Avery Kavanagh;averykavanagh@gmail.com;iJTsEaTgM;2006-04-14 07:16:29
735;Robert Hertel;roberthertel@gmail.com;lwUy7VZG;2016-11-21 22:21:09
736;Michael Mathers;michaelmathers@gmail.com;QdC3Z;2021-12-19 00:25:25
737;Paul Rivera;paulrivera@gmail.com;3TmKTTB;2016-12-09 19:57:43
738;Eugenio Greenlee;eugeniogreenlee@gmail.com;nX1zqMiJp;2000-08-07 15:05:11
739;Benjamin Luce;benjaminluce@gmail.com;LHRITu;2001-08-06 02:06:37
740;Elizabeth Morrison;elizabethmorrison@gmail.com;SepBK;2019-09-03 23:00:55
741;Ronald Cantrell;ronaldcantrell@gmail.com;TCEFIUXp;2004-10-21 23:46:37
742;Charles Wilson;charleswilson@gmail.com;Pwtqh;2019-11-21 20:03:54
743;Mohammad Balistrieri;mohammadbalistrieri@gmail.com;7OUi65;2009-09-29 17:58:02
744;Luke Holloway;lukeholloway@gmail.com;QAYtEA;2011-03-30 11:04:32
745;Kara Pope;karapope@gmail.com;kggtvpH;2003-11-15 07:53:22
746;Sheena Hawley;sheenahawley@gmail.com;dOytTpiXR;2014-04-20 23:47:27
747;Dalia Dobson;daliadobson@gmail.com;Es2DbP9J;2009-11-01 01:02:39
748;Linda Ratliff;lindaratliff@gmail.com;bn7kGox;2018-09-28 04:28:37
749;Lottie Glasser;lottieglasser@gmail.com;sCqAlO;2021-06-02 09:53:22
750;Wendell Waldren;wendellwaldren@gmail.com;eWUzp8jw;2002-02-20 06:22:46
751;Ruby Christopherso;rubychristopherso@gmail.com;jsTMKvv;2012-10-01 11:58:50
752;Nicholas Rowley;nicholasrowley@gmail.com;RoSRwNxjt;2015-08-05 04:54:18
753;Gaynelle Kelsey;gaynellekelsey@gmail.com;xCjpDQ7cP;2003-02-24 22:04:24
754;Craig Gibson;craiggibson@gmail.com;xMqbm1azO;2015-06-14 01:21:44
755;Larry Mcgirt;larrymcgirt@gmail.com;GXh9L;2015-06-25 03:46:03
756;John Kilmer;johnkilmer@gmail.com;FI2WUT;2002-01-23 07:06:34
757;Bradley More;bradleymore@gmail.com;hTnFF9;2002-07-03 08:28:45
758;Lynnette Butler;lynnettebutler@gmail.com;SZlzTc1;2018-12-20 07:58:52
759;Arlene Stratman;arlenestratman@gmail.com;gl14ZdKET;2011-02-21 14:00:56
760;Don Parker;donparker@gmail.com;RECcA;2003-04-20 01:58:25
761;Suzanne Wood;suzannewood@gmail.com;gJ5xFoT;2015-04-11 00:52:17
762;Max Smith;maxsmith@gmail.com;dKpTvHhy;2020-08-25 14:01:40
763;Tyron Nelson;tyronnelson@gmail.com;RSetbKMQ;2002-09-27 06:43:03
764;Robert Rivera;robertrivera@gmail.com;y61dZ;2006-12-04 02:15:25
765;John Montes;johnmontes@gmail.com;06nc0bol;2008-03-10 10:17:44
766;Leroy Rigsby;leroyrigsby@gmail.com;eVee2RBM;2021-05-29 09:52:39
767;John Murph;johnmurph@gmail.com;fkHVU;2001-02-21 19:04:12
768;Robert Vigne;robertvigne@gmail.com;PrayYMYr;2021-03-07 11:56:46
769;Albert Robinson;albertrobinson@gmail.com;gqYZEh;2001-11-07 22:15:40
770;Joe Klepchick;joeklepchick@gmail.com;JgsFKi4;2000-07-28 16:26:54
771;Steven Sherman;stevensherman@gmail.com;OHCsojJe;2008-09-02 14:44:18
772;Brian Mcnabb;brianmcnabb@gmail.com;DogCgD2;2000-11-10 17:06:05
773;Dennis Mckinnis;dennismckinnis@gmail.com;NROa35orj;2012-09-08 14:03:22
774;Joshua Telep;joshuatelep@gmail.com;1aci98JTO;2019-11-29 01:00:45
775;Gertrude Ward;gertrudeward@gmail.com;QLrA1UbX;2021-01-12 07:59:43
776;Lloyd Strain;lloydstrain@gmail.com;zolqWTmG;2009-09-12 16:54:08
777;John Dawson;johndawson@gmail.com;2HH2a6;2008-09-18 07:59:52
778;Barbara Wright;barbarawright@gmail.com;Ay12A;2002-12-10 00:59:15
779;James Ramos;jamesramos@gmail.com;jWt1i1A;2014-05-04 09:41:40
780;Maxwell Cain;maxwellcain@gmail.com;8MpxMUfMo;2009-04-12 07:00:54
781;Kathryn Spikes;kathrynspikes@gmail.com;ynT8Hl3xj;2016-10-24 12:59:45
782;Enrique Wood;enriquewood@gmail.com;jSm7sQTus;2005-05-01 17:23:04
783;Elizabeth Thau;elizabeththau@gmail.com;OWltC;2003-05-15 09:00:56
784;Anna Killebrew;annakillebrew@gmail.com;VfJfhK;2003-07-30 13:35:09
785;Edward Johnson;edwardjohnson@gmail.com;Gto9xws4A;2013-05-14 18:24:04
786;Teresa Castle;teresacastle@gmail.com;wcb4K;2000-04-08 23:30:21
787;George Ames;georgeames@gmail.com;Apg5wu;2008-01-10 13:43:31
788;Barbara Schuller;barbaraschuller@gmail.com;LPPELi;2020-01-14 14:00:56
789;David Comeau;davidcomeau@gmail.com;sUETz;2018-06-05 18:56:04
790;Jeffrey Brewer;jeffreybrewer@gmail.com;inEPTrY;2008-05-19 21:27:54
791;Phillip Knobloch;phillipknobloch@gmail.com;zWzOsJmr;2010-03-23 23:16:27
792;Cynthia Hickey;cynthiahickey@gmail.com;DffIsWh;2006-10-14 07:47:30
793;Elia Cooper;eliacooper@gmail.com;1LdrSG;2007-01-03 02:31:07
794;Abby Durham;abbydurham@gmail.com;0a7KRRXw;2007-01-02 16:17:07
795;Donna Werner;donnawerner@gmail.com;N47qBbt;2020-08-05 14:51:21
796;Maria Moser;mariamoser@gmail.com;VhJRG2sUB;2000-02-25 15:55:44
797;August Robinson;augustrobinson@gmail.com;2muAtxSv;2013-02-06 12:41:41
798;Leslie Tavano;leslietavano@gmail.com;gsmZgWHr;2004-11-14 19:55:29
799;Addie Sutton;addiesutton@gmail.com;gNGaZXP;2021-04-27 18:55:34
800;Sandra Barton;sandrabarton@gmail.com;AiZZdZxZn;2000-06-24 09:49:36
801;John Gee;johngee@gmail.com;qvF6g3z3;2008-10-03 03:57:08
802;Frances Lowry;franceslowry@gmail.com;LNRvNOW;2001-09-11 20:53:08
803;Timothy Walter;timothywalter@gmail.com;sCYZG;2002-11-23 16:30:53
804;Michelle Archer;michellearcher@gmail.com;SNp0tXRF;2006-06-09 02:19:09
805;Jeff Newell;jeffnewell@gmail.com;GvofGPE5;2014-12-27 21:27:23
806;John Sullivan;johnsullivan@gmail.com;GFjNa3;2020-06-13 11:32:05
807;Jan Loughborough;janloughborough@gmail.com;UF5CmQIF;2020-07-24 15:46:22
808;Marjorie Kirk;marjoriekirk@gmail.com;Cs2BQnT;2005-05-08 14:53:29
809;Johnny Keener;johnnykeener@gmail.com;bDczHNbvg;2001-04-16 01:47:05
810;Norma Manylath;normamanylath@gmail.com;Ffh2SQJsN;2017-10-22 07:28:34
811;Deborah Eaker;deboraheaker@gmail.com;azYaMiu6;2020-08-17 12:13:41
812;Carma Stanton;carmastanton@gmail.com;TThgCTb;2005-10-30 04:09:27
813;Stanley Young;stanleyyoung@gmail.com;MrhGCI;2000-12-30 14:18:31
814;Billy Bailey;billybailey@gmail.com;8GhLdw;2009-01-23 20:23:12
815;Janet Tucker;janettucker@gmail.com;hQtW0JH;2004-10-30 12:25:37
816;Rick Kelly;rickkelly@gmail.com;9lXiJFe0O;2001-10-17 05:50:08
817;Maryann Mejia;maryannmejia@gmail.com;xPhVU;2008-08-11 09:26:40
818;David Dominguez;daviddominguez@gmail.com;CX6NaT;2013-08-02 01:17:07
819;Michael Britton;michaelbritton@gmail.com;BGxM0DI;2009-03-15 04:44:22
820;Andrew Fontaine;andrewfontaine@gmail.com;502bY;2016-04-15 20:30:01
821;Nona Johnson;nonajohnson@gmail.com;yKDU2;2017-11-26 16:13:02
822;William Bradley;williambradley@gmail.com;iCSrqVQT;2005-02-19 14:20:34
823;Amanda Schluter;amandaschluter@gmail.com;Mi64HK;2021-12-06 00:23:19
824;Wendy Massey;wendymassey@gmail.com;GsybDCP;2020-01-15 10:59:00
825;Dixie Duncan;dixieduncan@gmail.com;ssbRfb9W;2005-06-08 20:58:51
826;Steven Garner;stevengarner@gmail.com;t64vmtWl;2017-10-12 03:48:11
827;Jake Koch;jakekoch@gmail.com;aDTRm4yyc;2017-01-15 09:54:31
828;Inez Capps;inezcapps@gmail.com;5W0gX2mu;2004-10-16 01:59:12
829;Agnes Smith;agnessmith@gmail.com;qyi1ruk;2009-01-21 06:15:20
830;Juan Mcgovern;juanmcgovern@gmail.com;9kkGRbku;2016-12-23 11:50:48
831;Maria Tyler;mariatyler@gmail.com;P5kC5n;2009-03-23 05:18:42
832;Joan Mcclure;joanmcclure@gmail.com;yTUEQnYSm;2016-08-16 21:41:10
833;Steven Perry;stevenperry@gmail.com;fFVtlalHd;2001-05-16 17:44:02
834;Andrea Boone;andreaboone@gmail.com;BZcPV17U;2012-09-24 03:35:58
835;Robert Bowden;robertbowden@gmail.com;rPkP4KIYA;2011-09-06 15:27:45
836;Kelly Homma;kellyhomma@gmail.com;0gcm4t;2006-02-20 22:43:38
837;Nicole Murff;nicolemurff@gmail.com;v8j6auRAg;2004-02-20 01:48:26
838;Jose Lopez;joselopez@gmail.com;clhBVm4;2014-06-02 02:00:25
839;Ethel Fleshman;ethelfleshman@gmail.com;SEXda;2016-10-04 16:52:30
840;Jim Drennen;jimdrennen@gmail.com;eayY6;2007-10-07 20:35:38
841;Carmine Thomas;carminethomas@gmail.com;FpG1DCG6F;2007-02-18 12:59:01
842;Joan Coller;joancoller@gmail.com;LCAkRY;2013-12-21 04:52:49
843;Lakeisha Bello;lakeishabello@gmail.com;R7QaZU;2018-09-27 16:16:30
844;Omar Varner;omarvarner@gmail.com;YPbVxAngZ;2007-04-26 03:54:41
845;Dick Ambrose;dickambrose@gmail.com;siwu4FG;2002-08-19 15:01:52
846;Luther Bergman;lutherbergman@gmail.com;AhWm3yqR;2001-08-07 09:07:55
847;Richard Delagarza;richarddelagarza@gmail.com;JEW465;2014-05-25 15:59:41
848;Brenda Dustin;brendadustin@gmail.com;Qp4y8ei;2021-02-23 22:25:13
849;Robert Jarzombek;robertjarzombek@gmail.com;sQBoDi;2003-12-10 18:31:55
850;Helen Racine;helenracine@gmail.com;fo4vV2kM;2009-04-20 09:48:59
851;Elaine Parsons;elaineparsons@gmail.com;FIX8X4tj;2020-04-13 20:20:27
852;Robert Brown;robertbrown@gmail.com;rH9xJ9p8o;2002-07-09 11:51:06
853;Lois Cager;loiscager@gmail.com;Z6ss9O;2000-12-26 01:21:39
854;Willie Spencer;williespencer@gmail.com;OhWAe;2005-06-07 15:38:34
855;Victor Santos;victorsantos@gmail.com;crLWY;2010-12-13 05:20:33
856;Clarence Henderson;clarencehenderson@gmail.com;k4UGy;2019-06-20 06:56:55
857;Maureen Monteleone;maureenmonteleone@gmail.com;QSacinW;2011-10-18 06:03:20
858;Edward Wilke;edwardwilke@gmail.com;w5Gd00D;2010-09-14 10:39:29
859;Steven Smith;stevensmith@gmail.com;frBIr;2003-04-10 20:59:15
860;Drew Atkinson;drewatkinson@gmail.com;BsxVNVR9l;2005-02-19 17:34:43
861;Melanie Phillips;melaniephillips@gmail.com;1vZTDJj1S;2004-07-26 22:17:58
862;Patricia Waite;patriciawaite@gmail.com;0LddMDhV;2003-11-26 23:53:56
863;Richard Amador;richardamador@gmail.com;OuvBdHlC;2007-05-07 16:24:13
864;Lora Brosnan;lorabrosnan@gmail.com;TXgqfgqo;2016-06-20 05:57:51
865;Susan Floyd;susanfloyd@gmail.com;ocTs88;2001-03-12 06:16:49
866;Fred Decook;freddecook@gmail.com;KTRLPq;2015-08-02 08:16:08
867;Erick Montes;erickmontes@gmail.com;6QEzdllYI;2010-01-06 06:18:20
868;Jennie Funk;jenniefunk@gmail.com;HPj93QV;2014-02-28 15:36:07
869;Frances Du;francesdu@gmail.com;Ems7RBM6A;2001-10-26 20:43:35
870;Jimmy Kabrick;jimmykabrick@gmail.com;RLvg2wnA;2007-09-12 18:50:45
871;Pamela Rodriquez;pamelarodriquez@gmail.com;qxSzUoq;2017-10-13 06:19:54
872;Jacqui Reliford;jacquireliford@gmail.com;GNov8DhAf;2010-12-16 18:16:00
873;William Birdsell;williambirdsell@gmail.com;dq3tu;2020-08-01 01:45:26
874;Crystal Baldwin;crystalbaldwin@gmail.com;oSICwv;2004-01-21 19:25:41
875;Michael Bell;michaelbell@gmail.com;fVIpEz;2000-04-14 19:26:16
876;Mary Baudino;marybaudino@gmail.com;Uaqkit;2003-11-18 13:53:31
877;David Crow;davidcrow@gmail.com;Ih894Q;2013-07-15 04:20:09
878;Sidney Embry;sidneyembry@gmail.com;zXgcS41h;2005-03-14 01:29:15
879;Linda Gerrity;lindagerrity@gmail.com;1H1zJspdz;2017-05-18 23:53:58
880;Robert Johnson;robertjohnson@gmail.com;454XpnoM0;2003-05-23 14:52:33
881;Kevin Ellis;kevinellis@gmail.com;wOqUXby;2016-05-03 00:49:26
882;Charlie Redman;charlieredman@gmail.com;gT81VUE;2016-06-16 19:40:22
883;Cammy Woolf;cammywoolf@gmail.com;cvH059;2009-08-31 13:55:02
884;Malissa Premo;malissapremo@gmail.com;PL72qUA;2010-08-09 05:06:16
885;Christopher Oneal;christopheroneal@gmail.com;B2Y0D;2016-06-16 02:44:14
886;Heather Erling;heathererling@gmail.com;rRp9Khx;2011-06-10 14:05:44
887;Janice Bewick;janicebewick@gmail.com;gW4ym633;2005-11-12 06:26:34
888;Theresa Cleaver;theresacleaver@gmail.com;ZCcqz;2002-09-02 00:40:44
889;Jerome Noel;jeromenoel@gmail.com;DDMdLI;2019-06-11 19:14:09
890;Lewis Ward;lewisward@gmail.com;wxMaQJ;2020-09-03 20:52:46
891;Charles Noyes;charlesnoyes@gmail.com;8XEMobrV2;2005-11-17 14:34:16
892;Richard Ethridge;richardethridge@gmail.com;af2Ww35n;2015-06-01 18:13:57
893;Sandra Berenbaum;sandraberenbaum@gmail.com;IIHz6;2013-07-13 18:30:10
894;Christine Rockett;christinerockett@gmail.com;sqi8fA6XS;2020-03-27 08:14:49
895;Florence Adams;florenceadams@gmail.com;2ttJgq;2000-01-20 19:36:14
896;Jeremy Lowe;jeremylowe@gmail.com;eE4Bl;2007-03-26 22:34:57
897;Raymond Ledesma;raymondledesma@gmail.com;ZwYaIzqh4;2014-11-04 06:15:30
898;Judith Atchinson;judithatchinson@gmail.com;lg6eem;2011-04-06 06:48:59
899;Donald Luma;donaldluma@gmail.com;eeZu23;2006-05-31 02:25:21
900;James Serrano;jamesserrano@gmail.com;hCzJREx;2018-04-14 19:48:25
901;David Dalton;daviddalton@gmail.com;cRxFZY;2014-11-11 18:09:56
902;Lynn Todd;lynntodd@gmail.com;Cqyjshc;2006-02-21 08:40:25
903;Curtis Carter;curtiscarter@gmail.com;1hB9s1;2016-11-18 08:12:02
904;Stacy Boelter;stacyboelter@gmail.com;WomipMPMz;2010-12-16 18:49:21
905;Sherryl Stanton;sherrylstanton@gmail.com;NsQkZuN1;2021-12-12 00:25:56
906;Sophia Bailey;sophiabailey@gmail.com;ONmwx1K4;2019-07-01 14:03:20
907;Ofelia Robinson;ofeliarobinson@gmail.com;2umxQe;2008-11-23 08:23:30
908;Marisa Gray;marisagray@gmail.com;E6W1aH9;2007-10-11 04:01:01
909;James Beal;jamesbeal@gmail.com;08nX7c;2009-03-23 07:51:42
910;Patricia Baker;patriciabaker@gmail.com;bl0II1857;2017-05-23 08:16:40
911;Wilma Oneal;wilmaoneal@gmail.com;NyDVcj9p;2008-05-29 05:44:37
912;Gary Cooper;garycooper@gmail.com;kHF2D0;2021-03-01 19:56:35
913;Heather Glantz;heatherglantz@gmail.com;648kU;2002-07-05 13:05:42
914;Keith Pearson;keithpearson@gmail.com;68PDTwN;2007-08-10 23:01:41
915;Charity Black;charityblack@gmail.com;g27OkntY;2021-11-21 17:24:19
916;Cynthia Spencer;cynthiaspencer@gmail.com;JFBSpk3;2018-05-26 06:09:51
917;Christopher Brent;christopherbrent@gmail.com;BQhsL6Oo;2002-10-14 05:49:41
918;Carol Sinclair;carolsinclair@gmail.com;neYR7jJZ;2011-06-02 12:46:09
919;Patricia Ricketts;patriciaricketts@gmail.com;mtx1LI2Ym;2016-08-19 22:40:17
920;Jimmy Davis;jimmydavis@gmail.com;0edNqDk;2001-01-19 14:39:52
921;Alex Andrews;alexandrews@gmail.com;He0hws4l;2004-12-07 17:42:45
922;Casey Young;caseyyoung@gmail.com;KBzQJg;2000-10-11 23:55:33
923;Preston Reinmann;prestonreinmann@gmail.com;XgdxKjbG;2006-07-14 21:23:06
924;Gina Gee;ginagee@gmail.com;GmN8u;2021-10-30 07:35:06
925;Suzan Johnson;suzanjohnson@gmail.com;hxGPFr;2017-05-14 03:08:59
926;Edwin Hangartner;edwinhangartner@gmail.com;4pwuTQSC;2017-02-01 22:31:13
927;Christina Cooper;christinacooper@gmail.com;uWtBkBDeR;2003-10-26 00:43:21
928;Calvin Guillory;calvinguillory@gmail.com;0zRQHZ1zh;2000-08-08 12:15:27
929;Harold Fox;haroldfox@gmail.com;ZmdR3DAT;2010-05-31 16:44:45
930;Fannie Johnson;fanniejohnson@gmail.com;lbTjwDwoE;2020-09-22 23:11:43
931;Kathleen Fisk;kathleenfisk@gmail.com;Qu7WDdYaW;2006-05-22 02:19:19
932;Charles Collins;charlescollins@gmail.com;tsDY3OD;2009-08-23 06:28:43
933;Sherry Bragg;sherrybragg@gmail.com;OPjHpOj;2003-05-06 12:58:55
934;Donald Kennedy;donaldkennedy@gmail.com;XWeD33;2006-06-09 23:37:59
935;David Serrano;davidserrano@gmail.com;AzS7Md1kQ;2007-02-28 07:47:15
936;Helen Mcgowan;helenmcgowan@gmail.com;sD6eZA;2006-02-12 09:47:44
937;Dorothy Laman;dorothylaman@gmail.com;tV03cyy;2009-11-25 08:01:45
938;Charles Graham;charlesgraham@gmail.com;0o4U1;2017-11-26 10:19:53
939;Jessica Schellhase;jessicaschellhase@gmail.com;setEsmRfn;2020-08-30 06:16:02
940;Robert Kennedy;robertkennedy@gmail.com;ypN3Pe;2002-04-06 06:09:41
941;Angelia Goeppner;angeliagoeppner@gmail.com;peiht;2006-07-25 16:21:14
942;David Deleon;daviddeleon@gmail.com;h5TdCHj0;2016-08-03 06:34:47
943;Joseph Lona;josephlona@gmail.com;0BMgsZn2;2002-02-01 20:39:42
944;Michael Mckay;michaelmckay@gmail.com;6kVxS;2001-12-10 08:57:53
945;Nancy Galdames;nancygaldames@gmail.com;9HJUVfc;2002-10-11 15:31:33
946;Patricia Watson;patriciawatson@gmail.com;ziLlQIEO;2017-10-21 04:20:27
947;Jeffery Gramble;jefferygramble@gmail.com;LPJ2AWI;2011-11-01 08:16:46
948;John Linder;johnlinder@gmail.com;z3ipJ2eB;2009-10-17 21:37:07
949;Joyce Gibbs;joycegibbs@gmail.com;JpwXW8;2000-01-30 02:03:05
950;Dane Barker;danebarker@gmail.com;9DcxQf;2018-05-02 15:46:11
951;James Vallery;jamesvallery@gmail.com;oBUabCAQ;2001-04-28 18:35:45
952;Janet Aust;janetaust@gmail.com;j4GhYPbd;2017-12-06 22:56:45
953;Sean Dougherty;seandougherty@gmail.com;11eK1xD;2019-06-01 17:22:25
954;Roy Woodruff;roywoodruff@gmail.com;4lb3XTOpj;2004-08-28 05:33:22
955;Laverne Roman;laverneroman@gmail.com;QF3q39cb;2005-09-09 03:33:22
956;Anthony Pickard;anthonypickard@gmail.com;GbMRstUtS;2016-09-09 22:16:12
957;Heather Guyton;heatherguyton@gmail.com;jPUTe;2003-05-10 22:10:31
958;Joseph Torres;josephtorres@gmail.com;jMzauy;2003-11-13 14:06:14
959;Monica Holcomb;monicaholcomb@gmail.com;jEoF5;2002-11-26 19:16:51
960;James Brown;jamesbrown@gmail.com;nP5kwg;2011-02-19 21:55:17
961;Elizabeth Dunn;elizabethdunn@gmail.com;ywc6DIOQi;2020-04-23 11:34:33
962;Jose Prewitt;joseprewitt@gmail.com;yJEGyror;2008-07-31 10:59:26
963;Susan Maroon;susanmaroon@gmail.com;sukJl5N;2016-01-25 23:07:40
964;Timothy Sturkie;timothysturkie@gmail.com;2Li7KFe;2020-01-17 04:04:49
965;Jean Allen;jeanallen@gmail.com;pnMQnc;2006-02-28 14:24:42
966;Georgina Youmans;georginayoumans@gmail.com;RDdoI;2001-02-10 12:51:53
967;Ann Lee;annlee@gmail.com;KCfKd7quQ;2019-01-28 12:09:23
968;Jasmin Mcadams;jasminmcadams@gmail.com;5Xd9ZX;2006-07-11 02:46:21
969;Michael Osterman;michaelosterman@gmail.com;zuv9ys;2000-12-22 00:36:11
970;Vicky Escarcega;vickyescarcega@gmail.com;uxL6cYf;2019-05-24 19:03:04
971;John Hicks;johnhicks@gmail.com;AUmlesUd;2007-11-02 14:16:54
972;Oliver Brookens;oliverbrookens@gmail.com;X0dvplO;2008-07-17 01:37:30
973;Elijah Williams;elijahwilliams@gmail.com;3hJ5QE3B;2008-03-11 07:45:28
974;John Anderson;johnanderson@gmail.com;FnJfMHZwm;2009-03-09 21:18:17
975;Janice Long;janicelong@gmail.com;aL46y;2003-04-01 13:28:13
976;Vena Maymi;venamaymi@gmail.com;Z8zQ9Q;2017-05-30 20:21:23
977;Mary Barrett;marybarrett@gmail.com;zP77Hzp;2002-06-29 01:23:32
978;Justin Wilson;justinwilson@gmail.com;HvLBvCW;2008-09-19 21:24:31
979;Thomas Burgoyne;thomasburgoyne@gmail.com;rF891L;2014-07-30 22:53:23
980;Tara Prince;taraprince@gmail.com;CrRQ4T;2012-11-19 04:37:17
981;Jeffrey Nyman;jeffreynyman@gmail.com;nQHbN;2019-10-25 15:56:27
982;Les Waller;leswaller@gmail.com;7vVWVFH6C;2007-06-27 04:00:09
983;Ryan Stevens;ryanstevens@gmail.com;gsF6051i;2017-10-13 06:47:21
984;Alan Philips;alanphilips@gmail.com;WpM4jo5;2013-06-22 23:47:31
985;Bertha Turner;berthaturner@gmail.com;zsr0hELeP;2020-07-06 02:02:40
986;Tiffany Carson;tiffanycarson@gmail.com;ooKp1oMFk;2014-08-12 16:06:42
987;Veronica Rodriguez;veronicarodriguez@gmail.com;zLYPkNZr;2012-06-29 19:53:20
988;Deanna Nelson;deannanelson@gmail.com;1UprReA;2012-08-05 23:28:54
989;George Calkins;georgecalkins@gmail.com;4G6jCcTkv;2006-12-19 15:13:52
990;Holly Lawrence;hollylawrence@gmail.com;NMosH;2018-07-23 11:33:02
991;Freda Przybylski;fredaprzybylski@gmail.com;qoTL93MC;2016-09-10 16:25:38
992;Denise Nichols;denisenichols@gmail.com;1jvNXjnk;2004-05-03 02:26:28
993;Thomas Reyes;thomasreyes@gmail.com;LJOkd;2019-06-07 08:13:53
994;Robin Mccullum;robinmccullum@gmail.com;WdbjkNGxy;2002-09-02 22:15:22
995;Joseph Dowdy;josephdowdy@gmail.com;QF5iX0ch;2010-01-12 12:19:54
996;Katie Shaffner;katieshaffner@gmail.com;GzP0R9;2020-01-19 09:03:07
997;Orlando Davis;orlandodavis@gmail.com;AEAUuG;2003-12-25 16:44:09
998;Christine Payne;christinepayne@gmail.com;HOanVmU;2000-04-29 20:39:11
999;James Fischer;jamesfischer@gmail.com;RyxE9D9FL;2011-11-25 10:11:53
